-- phpMyAdmin SQL Dump
-- version 4.8.1
-- https://www.phpmyadmin.net/
--
-- Host: localhost
-- Generation Time: Jun 19, 2018 at 02:55 AM
-- Server version: 10.1.33-MariaDB
-- PHP Version: 7.2.6

SET FOREIGN_KEY_CHECKS=0;
SET SQL_MODE = "NO_AUTO_VALUE_ON_ZERO";
SET AUTOCOMMIT = 0;
START TRANSACTION;
SET time_zone = "+00:00";


/*!40101 SET @OLD_CHARACTER_SET_CLIENT=@@CHARACTER_SET_CLIENT */;
/*!40101 SET @OLD_CHARACTER_SET_RESULTS=@@CHARACTER_SET_RESULTS */;
/*!40101 SET @OLD_COLLATION_CONNECTION=@@COLLATION_CONNECTION */;
/*!40101 SET NAMES utf8mb4 */;

--
-- Database: `openmonero`
--

-- --------------------------------------------------------

--
-- Table structure for table `Accounts`
--

DROP TABLE IF EXISTS `Accounts`;
CREATE TABLE IF NOT EXISTS `Accounts` (
  `id` bigint(20) UNSIGNED NOT NULL AUTO_INCREMENT,
  `address` varchar(95) NOT NULL,
  `viewkey_hash` char(64) NOT NULL,
  `scanned_block_height` int(10) UNSIGNED NOT NULL DEFAULT '0',
  `scanned_block_timestamp` timestamp NOT NULL DEFAULT '0000-00-00 00:00:00',
  `start_height` int(10) UNSIGNED NOT NULL DEFAULT '0',
  `created` timestamp NOT NULL DEFAULT CURRENT_TIMESTAMP,
  `modified` timestamp NOT NULL DEFAULT CURRENT_TIMESTAMP,
  PRIMARY KEY (`id`),
  UNIQUE KEY `address` (`address`)
) ENGINE=InnoDB AUTO_INCREMENT=130 DEFAULT CHARSET=utf8;

--
-- Truncate table before insert `Accounts`
--

TRUNCATE TABLE `Accounts`;
--
-- Dumping data for table `Accounts`
--

INSERT INTO `Accounts` (`id`, `address`, `viewkey_hash`, `scanned_block_height`, `scanned_block_timestamp`, `start_height`, `created`, `modified`) VALUES
(129, '57Hx8QpLUSMjhgoCNkvJ2Ch91mVyxcffESCprnRPrtbphMCv8iGUEfCUJxrpUWUeWrS9vPWnFrnMmTwnFpSKJrSKNuaXc5q', '1acf92d12101afe2ce7392169a38d2d547bd042373148eaaab323a3b5185a9ba', 96806, '2018-06-14 06:50:41', 96783, '2018-06-14 05:20:09', '2018-06-14 05:20:09');

-- --------------------------------------------------------

--
-- Table structure for table `Inputs`
--

DROP TABLE IF EXISTS `Inputs`;
CREATE TABLE IF NOT EXISTS `Inputs` (
  `id` bigint(20) UNSIGNED NOT NULL AUTO_INCREMENT,
  `account_id` bigint(20) UNSIGNED NOT NULL,
  `tx_id` bigint(20) UNSIGNED NOT NULL,
  `output_id` bigint(20) UNSIGNED NOT NULL,
  `key_image` varchar(64) NOT NULL DEFAULT '',
  `amount` bigint(20) UNSIGNED ZEROFILL NOT NULL DEFAULT '00000000000000000000',
  `timestamp` timestamp NOT NULL DEFAULT CURRENT_TIMESTAMP ON UPDATE CURRENT_TIMESTAMP,
  PRIMARY KEY (`id`),
  KEY `account_id2` (`account_id`),
  KEY `tx_id2` (`tx_id`),
  KEY `output_id2` (`output_id`)
) ENGINE=InnoDB AUTO_INCREMENT=60756 DEFAULT CHARSET=utf8;

--
-- Truncate table before insert `Inputs`
--

TRUNCATE TABLE `Inputs`;
--
-- Dumping data for table `Inputs`
--

INSERT INTO `Inputs` (`id`, `account_id`, `tx_id`, `output_id`, `key_image`, `amount`, `timestamp`) VALUES
(60737, 129, 105971, 428896, '27f2f3e8b80845f9d4f818e4f8ffcc1fee474a9d1bb10d6abdcb4846024ef003', 00000086162754938417, '2018-06-05 11:42:17'),
(60738, 129, 105972, 428896, '1c055ad35072673542db9bae45f99aec30e6e36fd6529c1975d5a38f3a887d88', 00000086162754938417, '2018-06-06 02:05:02'),
(60739, 129, 105973, 428896, 'c0b036bbb4b280229742e261e1cecfc067e974afbb1030b6a6d0f96a54cc79d6', 00000086162754938417, '2018-06-06 11:56:56'),
(60740, 129, 105975, 428898, '76eec37490b07272b10fac88b4e13f410baaacad5d543cbf55a9c04fc50f6f95', 00000075099346138417, '2018-06-07 05:07:30'),
(60741, 129, 105976, 428899, '1a82a659622fcf0f5da0198a217e13d6fc315babeef1bdb69aabafffd0f7af39', 00000100000000000000, '2018-06-07 05:07:30'),
(60742, 129, 105977, 428899, 'a71678019703665175d1e067d20c738a8634aeaad6a7bc493a4b5a641b4962fa', 00000100000000000000, '2018-06-07 05:07:30'),
(60743, 129, 105978, 428899, '173a8ccb6087f53f0c72e3fa26b23537ccccbe84334a9df3d5f8b56763d739df', 00000100000000000000, '2018-06-07 23:20:21'),
(60744, 129, 105980, 428898, 'ec4e08ca1fefed809691955ecb19ff37740c1ea0f333e60f51827e830c07e900', 00000075099346138417, '2018-06-08 23:57:28'),
(60745, 129, 105980, 428897, '2b5c78e58e44f48c06faeaff6f452fb33202df83791d2777a47f4656ce423267', 00000011000000000000, '2018-06-08 23:57:28'),
(60746, 129, 105981, 428899, '45d3cf7b4f5db9d614602e9e956c63c35cf3da6f7b93740c514e06c898fb0da2', 00000100000000000000, '2018-06-09 16:45:52'),
(60747, 129, 105981, 428901, '3ef54482411c54a280081a87fd35e542b3b8906b702123c55468e71dd620d3a4', 00000009082338518417, '2018-06-09 16:45:52'),
(60748, 129, 105982, 428900, '6461227b5c533a1141472ef78bcbb19c5cda71142023311dafbc047484b07918', 00001000000000000000, '2018-06-10 19:49:44'),
(60749, 129, 105983, 428903, 'dc810c0964273acf77cff06a02473cec55e2b79908e4a774d0c1a4a7df041f76', 00000999916984840000, '2018-06-12 04:16:05'),
(60750, 129, 105985, 428904, '1f8a6ada4ee789dd21d19f8b8b3579128f525cf970023843b48acd3c1faa677a', 00000020000000000000, '2018-06-12 06:12:01'),
(60751, 129, 105986, 428904, '247428096274c547d6218377b7cc04658f86332f229c962d6572d06dd995f259', 00000020000000000000, '2018-06-12 06:12:01'),
(60752, 129, 105987, 428902, '288ea7479ccfca959312e12d65c68bea94b75151ff795ea76e3dd4c345bdccec', 00000084014373558417, '2018-06-12 11:37:51'),
(60753, 129, 105988, 428903, '25939dd132b04e298a630dddab557b5a356cb7b12e2391d9eaef5c2bb49d322f', 00000999916984840000, '2018-06-14 05:21:09'),
(60754, 129, 105988, 428905, '1a6f01f01c2c473fbe59de772e1efa7d31090bd7022342d7e99c8ac540231df5', 00000009500000000000, '2018-06-14 05:21:09'),
(60755, 129, 105989, 428907, 'f3c14cf3357a51dc104fd7163f0f4303db6f0e6e86907c20ae7a2d0f2f8b19d6', 00001009300095100000, '2018-06-14 05:21:09');

-- --------------------------------------------------------

--
-- Table structure for table `Outputs`
--

DROP TABLE IF EXISTS `Outputs`;
CREATE TABLE IF NOT EXISTS `Outputs` (
  `id` bigint(20) UNSIGNED NOT NULL AUTO_INCREMENT,
  `account_id` bigint(20) UNSIGNED NOT NULL,
  `tx_id` bigint(20) UNSIGNED NOT NULL,
  `out_pub_key` varchar(64) NOT NULL,
  `rct_outpk` varchar(64) NOT NULL DEFAULT '',
  `rct_mask` varchar(64) NOT NULL DEFAULT '',
  `rct_amount` varchar(64) NOT NULL DEFAULT '',
  `tx_pub_key` varchar(64) NOT NULL DEFAULT '',
  `amount` bigint(20) UNSIGNED NOT NULL DEFAULT '0',
  `global_index` bigint(20) UNSIGNED NOT NULL,
  `out_index` bigint(20) UNSIGNED NOT NULL DEFAULT '0',
  `mixin` bigint(20) UNSIGNED NOT NULL DEFAULT '0',
  `timestamp` timestamp NOT NULL DEFAULT CURRENT_TIMESTAMP ON UPDATE CURRENT_TIMESTAMP,
  PRIMARY KEY (`id`),
  KEY `account_id` (`account_id`),
  KEY `tx_id` (`tx_id`)
) ENGINE=InnoDB AUTO_INCREMENT=428908 DEFAULT CHARSET=utf8;

--
-- Truncate table before insert `Outputs`
--

TRUNCATE TABLE `Outputs`;
--
-- Dumping data for table `Outputs`
--

INSERT INTO `Outputs` (`id`, `account_id`, `tx_id`, `out_pub_key`, `rct_outpk`, `rct_mask`, `rct_amount`, `tx_pub_key`, `amount`, `global_index`, `out_index`, `mixin`, `timestamp`) VALUES
(428896, 129, 105970, '967c0b4f99dce31c0e2140bc67e444d80b5866a5fc0cd4360c8a39accc383c78', '4619b7d6fc0d7fd273a8f8ecc93cfbf4e4bf1223fd6009a2f1423d590c73d218', '1df843f18eeb525c7d52041f49795b8c628cf592583297b0b120ac982809f101', 'be90381dc2a1a375ea5b4aa75f15a91b019968a292fda69cf13d45c35f479808', 'c3e8f5a0c7bb55ff488c998b792a753da8c0cdc03c0980fc63f9e14a0ae0e37e', 86162754938417, 59614, 1, 7, '2018-06-05 04:53:15'),
(428897, 129, 105972, '74e32e1773daff0072320e88c455c6b3df57e5a0f80210aabb0e0c1a47bee44b', '565c5a821c06e0e077eef25956be4bee0b067ceab42820c0b4d76c8d1e44b41d', '6d2286cd02f3710f9f7ba09f977cf57a398d4ece1832923e80f4091de79c460d', 'fcff1f1e8c67d5b6595b788fcb925dbc6f136d8ed00f540290dfe59326241809', '722f57db931cfb9da0f03da12ad692f146d4111cca560d6cb898af600beec618', 11000000000000, 60319, 0, 7, '2018-06-06 02:05:02'),
(428898, 129, 105972, '55a879a5b81e1eba74db886b9e7c0a300c3741bb5d91bdff8ac1defdfa646f64', 'b50287c59a734f62e6db407f7e2562d978dd5fd8d0b69b69bba839d295673f88', '10a457162838e3835ee79b19a69d4c0449a5be83eab492447e90ddd3c4c6a00a', 'f08110752330cc2d5e774c91508c2dbdc08b8512fa56b732208059fab24e7704', '722f57db931cfb9da0f03da12ad692f146d4111cca560d6cb898af600beec618', 75099346138417, 60320, 1, 7, '2018-06-06 02:05:02'),
(428899, 129, 105974, '2f7d943cf75ee1d1d55f87bb1bcd938c0b2e16856d02cac4958044a0acedec56', '484ba297909cf0ec7b58cc5f2410c2666e8b95b33a1672b601ea9ca60f6537e9', '509c8f4d3025d6e58f058768d34834e0fa6ffe051ed192661e4a64711a1ab505', '20bafa3af0a74f5ba875850a92e9b8943b7bebdd9bbc9c94199112b342e54909', '150f1f54c3dd594d0345668a62948bf65d84719f05632903f859f949e86e8879', 100000000000000, 61697, 1, 41, '2018-06-07 05:07:30'),
(428900, 129, 105979, 'f59d4ff84b041d8b645152b46df3a42227d4f8fd522a6e8be87565f085205cba', '351ca6fe115a2c4175182e552e30c2d6a150402e02d4275502be90bd74a57861', 'c5ae54573103f6819e9e7668b80be316222b1f8a6a6b6a082d27b18de4dfb507', '74dc4af86bcd4cfb1fa5dfb8572dc8ff27eef605d1a0d5b9506a912f34c12d02', 'bd32ed47beff2ece53940760d3537a6650d616ec2a0b16a855f0f35f2175a61b', 1000000000000000, 63349, 1, 7, '2018-06-08 23:57:28'),
(428901, 129, 105980, 'a313f51be73baf74863fd54e9c87de89469b0b9309ce7b590ea1cf832dfaa449', 'dfdf819815aa8ca055e73ec32517f17984ee6029994766a3583b7d3f667c4fe2', '929f1b5314d51d22f6957e101d0a363360ff261505cd19f8431d886b3b72140a', 'ae937a7b23423f650270717cc2b430f29e3c617727c1f3c212fb7320e969e301', '27df9a3daacdf88b6b6edf3966c9f255cdb23aaeb5405432bde0cd0bb7bf0602', 9082338518417, 63356, 0, 7, '2018-06-08 23:57:28'),
(428902, 129, 105981, 'a9d876b01eb972db944b78899b4c90c2b66a3c81fe04bf54ff61565f3db53419', 'dadad568ed09dd2ce4f22b8375bc3c8fb7391af13ad24d34eed99cc61977a853', 'a80d1e7a2ac0ff89f7151e1d8736b4a4b720464a262f52bba0c2ffa5355b3a0b', 'bd5a5a87a2610c12d2edc410d2d26fc855c1ea3ce211e19881a4bc79b7ef2804', 'cbfd2dec16b9cb35c8b5177e18615e7273b2bd43517dca8bd9ec9aaae6b7f67d', 84014373558417, 63870, 1, 7, '2018-06-09 16:45:52'),
(428903, 129, 105982, '5855e6934f971f01b51984a4c64179ceeaa9710fe0717ec4da544391a9dee5b1', 'b94d4c77aa31b71ab000a860627b7837b10cf54e6c7de5cd0ff408196cdfa481', 'e17cdc23fac1d92f2de196b567c8dd55ecd4cac52d6fef4eb446b6de4edb1d01', 'f02e6d9dd504e6b428170d37b79344cad5538a4ad32f3f7dcebd5b96ac522e07', '03cea1ffc18193639f7432287432c058a70551ceebed0db2c9d18088b423a255', 999916984840000, 64915, 1, 7, '2018-06-10 19:49:44'),
(428904, 129, 105984, '33e0a19442be4f1983a4c4716ef300cbeea02fc9f0aaa715786db04576c62c10', '75e1614c3215964f6acdbb9de6ec6bffe299d707675267fc1dec306e5a937ec7', 'bd8bdc60286dbb65a5b91703dacfb84e4677f936a8fa09b35dc0e43a7ec1e90a', '943e71d4510f9abaf4129583f5a732302fc2e920ca3f2b5225c29d5203117902', '03dd828daec027910801d9760ba80b3b01c8337dd8a44e14365cda8026bd3461', 20000000000000, 66614, 1, 41, '2018-06-12 06:12:01'),
(428905, 129, 105987, '92cd8bf2a8af5ab93b23d444df827ca9841722b4757c70a3cb2a19c4dbf6bc57', 'a3c4e29faf49362fcd8d58f49fee9d22451aa8a8479891d0f524fd4c5f89602c', '00483b3f5c394f15f8803e0c35f439c0202988817cf2cc8b9a48263cc4d8a902', '066344e11b3d2c3895a7a4b1ec07d65a53aac566ddd751370952163756a0ec0a', '59c411b9af72b2bb6329c59a6ae6b002a475b3efc6a7fb96534e914ef13addd3', 9500000000000, 66896, 0, 7, '2018-06-12 11:37:51'),
(428906, 129, 105987, '42a84b10deab57f1b562124fd6bbcf60386d0009de4d18267f7d51b49426a210', 'c775513ca73ac917863ccf052fbbd2bbc33ffe990e7f6799aad54e27073e187b', '0eae55a5bc65bc513163a6f160bea393a69b796b9d3016e926db62e90dd0f20c', '2c3d03b0119952e387bd8de743e4382fb82419972cf825599201bae780144c09', '59c411b9af72b2bb6329c59a6ae6b002a475b3efc6a7fb96534e914ef13addd3', 74498649018417, 66897, 1, 7, '2018-06-12 11:37:51'),
(428907, 129, 105988, '0c902ebb9668fa8ee1a5cf33e45e28176ecb119038157940a500ff2e7b7fa6c8', 'a5e0abe8557f70a049dd841331956a8865eefb6ce4b1eb0ca04bb351e1ffa2f4', '8b5c4d047c4c1353a64f893f63eb4af6911f0894807f51da219e270c70bef802', '9fac3044cdeed8a3e043892107b458b6c7c3c7eb30297c3403e7509baa34530a', '59821378f8eb1bee791ac397695675e4a54b5d7d916094e37f80cb02efcb2fd3', 1009300095100000, 68869, 0, 7, '2018-06-14 05:21:09');

-- --------------------------------------------------------

--
-- Table structure for table `Payments`
--

DROP TABLE IF EXISTS `Payments`;
CREATE TABLE IF NOT EXISTS `Payments` (
  `id` bigint(20) UNSIGNED NOT NULL AUTO_INCREMENT,
  `address` varchar(95) NOT NULL,
  `payment_id` varchar(64) NOT NULL,
  `tx_hash` varchar(64) NOT NULL DEFAULT '',
  `request_fulfilled` tinyint(1) NOT NULL DEFAULT '0',
  `payment_address` varchar(95) NOT NULL,
  `import_fee` bigint(20) NOT NULL,
  `created` timestamp NOT NULL DEFAULT CURRENT_TIMESTAMP,
  `modified` timestamp NOT NULL DEFAULT CURRENT_TIMESTAMP,
  PRIMARY KEY (`id`),
  UNIQUE KEY `payment_id` (`payment_id`)
) ENGINE=InnoDB AUTO_INCREMENT=2 DEFAULT CHARSET=utf8;

--
-- Truncate table before insert `Payments`
--

TRUNCATE TABLE `Payments`;
--
-- Dumping data for table `Payments`
--

INSERT INTO `Payments` (`id`, `address`, `payment_id`, `tx_hash`, `request_fulfilled`, `payment_address`, `import_fee`, `created`, `modified`) VALUES
(1, '57Hx8QpLUSMjhgoCNkvJ2Ch91mVyxcffESCprnRPrtbphMCv8iGUEfCUJxrpUWUeWrS9vPWnFrnMmTwnFpSKJrSKNuaXc5q', 'c3a7db070babeb64', 'be2ee71be2adf0da1b966c7a3c0573e2f340fc61374ca3c7e87e82cb0118b752', 1, '5DUWE29P72Eb8inMa41HuNJG4tj9CcaNKGr6EVSbvhWGJdpDQCiNNYBUNF1oDb8BczU5aD68d3HNKXaEsPq8cvbQLN4Ptby', 100000000000, '2018-06-14 05:20:15', '2018-06-14 05:20:15');

-- --------------------------------------------------------

--
-- Table structure for table `Transactions`
--

DROP TABLE IF EXISTS `Transactions`;
CREATE TABLE IF NOT EXISTS `Transactions` (
  `id` bigint(20) UNSIGNED NOT NULL AUTO_INCREMENT,
  `hash` varchar(64) NOT NULL,
  `prefix_hash` varchar(64) NOT NULL DEFAULT '',
  `tx_pub_key` varchar(64) NOT NULL DEFAULT '',
  `account_id` bigint(20) UNSIGNED NOT NULL,
  `blockchain_tx_id` bigint(20) UNSIGNED NOT NULL,
  `total_received` bigint(20) UNSIGNED NOT NULL,
  `total_sent` bigint(20) UNSIGNED NOT NULL,
  `unlock_time` bigint(20) UNSIGNED NOT NULL DEFAULT '0',
  `height` bigint(20) UNSIGNED NOT NULL DEFAULT '0',
  `spendable` tinyint(1) NOT NULL DEFAULT '0' COMMENT 'Has 10 blocks pasted since it was indexed?',
  `coinbase` tinyint(1) NOT NULL DEFAULT '0',
  `is_rct` tinyint(1) NOT NULL DEFAULT '1',
  `rct_type` int(4) NOT NULL DEFAULT '-1',
  `payment_id` varchar(64) NOT NULL DEFAULT '',
  `mixin` bigint(20) UNSIGNED NOT NULL DEFAULT '0',
  `timestamp` timestamp NOT NULL DEFAULT CURRENT_TIMESTAMP ON UPDATE CURRENT_TIMESTAMP,
  PRIMARY KEY (`id`),
  UNIQUE KEY `hash` (`hash`,`account_id`),
  KEY `account_id_2` (`account_id`)
) ENGINE=InnoDB AUTO_INCREMENT=105990 DEFAULT CHARSET=utf8;

--
-- Truncate table before insert `Transactions`
--

TRUNCATE TABLE `Transactions`;
--
-- Dumping data for table `Transactions`
--

INSERT INTO `Transactions` (`id`, `hash`, `prefix_hash`, `tx_pub_key`, `account_id`, `blockchain_tx_id`, `total_received`, `total_sent`, `unlock_time`, `height`, `spendable`, `coinbase`, `is_rct`, `rct_type`, `payment_id`, `mixin`, `timestamp`) VALUES
(105970, '7456e8f14cc327ac653fa680e20d53e43b61be238302ea4589bb5a73932e921c', '4828a3fe7b41dccf2af7882ce6b326f84ce721acc5ea58177a920a30ba325c50', 'c3e8f5a0c7bb55ff488c998b792a753da8c0cdc03c0980fc63f9e14a0ae0e37e', 129, 91971, 86162754938417, 0, 0, 90693, 1, 0, 1, 2, '71e61f011eb1f41e', 7, '2018-06-05 04:53:15'),
(105971, '4409f02bf3b9cd772671c726b4fb7147101580396fcb1aefee566061b2044d89', '1d4a78797a3798e6d8a653f8419ea95f8ff8376925caf6069245056732d90896', 'f5bd0439d588259176aef848b32ca310d1fc8bc6939a95e5f6bb1debee6d18ae', 129, 92259, 0, 86162754938417, 0, 90880, 1, 0, 1, 2, '3dc67acdea69f817', 7, '2018-06-05 11:42:17'),
(105972, 'a783198e169e0fb8eee990cf41f40145497d0cee21abcaa0367c0dae5bc8279b', '74540a0fb817d7c8dbddc79ea16b988ec7fbabf5ea2481bdc817fa9a5f5e6524', '722f57db931cfb9da0f03da12ad692f146d4111cca560d6cb898af600beec618', 129, 92561, 86099346138417, 0, 0, 91167, 1, 0, 1, 1, '', 7, '2018-06-06 02:05:02'),
(105973, '93d0a9bbb10960e007961ab7df9c8d8b66cfeb5a0d75f3ddde635a90afe695b1', '9581a32c1d4e57b94933aa22c42476989397139fa62306f8d899d3e8b3e1b863', 'b5157f016db0d357f4dff643f1252e2707cdc2a10bea1cadb6793d22ce2c272c', 129, 93043, 0, 86162754938417, 0, 91521, 1, 0, 1, 2, '', 7, '2018-06-06 11:56:56'),
(105974, 'aa9485f537c19bfe92e699b2f0d9ff688dcd29ba9de6764b68ddce670bbdc35c', '59bc7c6c525237b3316f37d70e4c9363b5eb442a6f774954896eca2420690dd6', '150f1f54c3dd594d0345668a62948bf65d84719f05632903f859f949e86e8879', 129, 93660, 100000000000000, 0, 0, 92015, 1, 0, 1, 2, '', 41, '2018-06-07 05:07:30'),
(105975, 'd5dce86a8415443393e279dd6d15c39ebe74e29a6172f30a7564375df04bf18f', 'f9ae2f65361f3026dfc5b744e3f4d508944c1a3ee6645eef2b019a785c1a0f20', 'f19685d8f11cb85d48f05b76f3671f2b738c8e3c8cb8a17a321c87a5fd7c23dc', 129, 93745, 0, 75099346138417, 0, 92068, 1, 0, 1, 1, '', 8, '2018-06-07 05:07:30'),
(105976, '0f175f4d2dd3cfb086168a2d03a9552f54ff3b6caa8c692964cbea91deb100d8', 'b0c3bb1c56048507468ee97d9e58bd57e0ad7f0717c0bc028ae426d27c33d7a9', '1abd00e3cd0ebc21904a33d244e7cacb405c611774b56762b90a79137a786fd6', 129, 93753, 0, 100000000000000, 0, 92072, 1, 0, 1, 1, '', 8, '2018-06-07 05:07:30'),
(105977, '4b40cfb2fdce2cd57a834a380901d55d70aba29dad13ac6c4dc82a895f439ecf', '5b291cb1dae2d65c0ebbf24d7ff3200865da12654b7520b4e186055f58cfe645', '0a9e82db48149442ac50cff52a39fda95f90b9683098b02e413a52b4d1f05f1c', 129, 93830, 0, 100000000000000, 0, 92114, 1, 0, 1, 1, '', 8, '2018-06-07 05:07:30'),
(105978, '8e0cd7bb2f986abcb5b246448cac2e2e6d430ba70f119edc615508e174fcf49a', 'd85e536bd15649cd009ab09031e931ddd4badf61ac8fd2d2692f7e1f60eb73b7', '8e20de74094eed60907931619a323e168ee225d6444b3b2de79cded880576b7b', 129, 94213, 0, 100000000000000, 0, 92435, 1, 0, 1, 1, '', 8, '2018-06-07 23:20:21'),
(105979, 'd0a064c65161d7dda14ec18cf374cc5472f0e431d24628fb6ea6bc936aa4099f', '976f817d1d67d73903bce0e765ff25b0c0806f5cb3f1ec6b81b1e2b4f7473e2f', 'bd32ed47beff2ece53940760d3537a6650d616ec2a0b16a855f0f35f2175a61b', 129, 95043, 1000000000000000, 0, 0, 93132, 1, 0, 1, 2, '', 7, '2018-06-08 23:57:28'),
(105980, 'bcc39dbc076818ee6e61252b7baeb83ed150678ba3eb93f020095ac0de368d2d', 'a5ad78681e39d1e79cad5d39e49f87a021516b7364bcd8c5b1271be48400a97c', '27df9a3daacdf88b6b6edf3966c9f255cdb23aaeb5405432bde0cd0bb7bf0602', 129, 95050, 9082338518417, 0, 0, 93138, 1, 0, 1, 2, '', 7, '2018-06-08 23:57:28'),
(105981, '1640236fe817f83b0bd2082c655d152be390e4f78e41db5b935bb8a53249fe8c', 'f5ad7d9403f5cebba9d5859f306f52b76fd3fee62ebf525ec6e4e4f56a22e1f1', 'cbfd2dec16b9cb35c8b5177e18615e7273b2bd43517dca8bd9ec9aaae6b7f67d', 129, 95559, 84014373558417, 0, 0, 93643, 1, 0, 1, 2, '', 7, '2018-06-09 16:45:52'),
(105982, '87617d03aeab903262dacf764eb845b13a3775860acec23f2af595af43b8c295', '373adf397d1cc03a06d7a72ef26cb0efbdde2a83cce38219ae5d2fafd9c7d067', '03cea1ffc18193639f7432287432c058a70551ceebed0db2c9d18088b423a255', 129, 96476, 999916984840000, 0, 0, 94433, 1, 0, 1, 1, '', 7, '2018-06-10 19:49:44'),
(105983, '5ba2892c9c4075bef7d1567f63b78e4a277470c5a5fd29a69bfc6fc5ffd5e98a', '3b7fff8491b9f2bb6baa55974400cd9e878393fc6c7f9f2dd516c52291336d8d', 'ccfd9b537a2d18c3e3114797d77f67788839f5e85763bea005159498bf32727c', 129, 97623, 0, 999916984840000, 0, 95175, 1, 0, 1, 1, '', 8, '2018-06-12 04:16:05'),
(105984, '6d2ccaed55edd79ff45cb6530910e431f5ccaa4ed1a1e58407cab39ec56f1aa7', '1c2d46e527e67c5b5cc253d174755d38ec875283502ccbd6fe5773ade98cff9e', '03dd828daec027910801d9760ba80b3b01c8337dd8a44e14365cda8026bd3461', 129, 97740, 20000000000000, 0, 0, 95263, 1, 0, 1, 2, '5933f30fa25656ff', 41, '2018-06-12 06:12:01'),
(105985, 'a1e6c33090b1b6182475ff32649cfda3562c79ce60f4a7762f040423572b32de', 'd3dfaeeddf9ad206c5b071c5cfb897fc5d60d6ee5b49629276bcb057c3a07b5d', '0ff250a808c75f3c3f9f72ae4191260efa92c6150b8cf7d69c9be90b4b39b561', 129, 97776, 0, 20000000000000, 0, 95286, 1, 0, 1, 1, '', 8, '2018-06-12 06:12:01'),
(105986, '07eeb7fb38b46e5939c5692002b93ebb429cc2a6bb03f902f368e1e5df8de6ba', '0945813e6e130d2fd94a27b4d43edfe094c33c9494f2794cca0877014f7f5968', '973ec55ec43862f671df63f650153452f310f3eac8cf75619c664cd45f941fd2', 129, 97940, 0, 20000000000000, 0, 95400, 1, 0, 1, 1, '', 8, '2018-06-12 06:12:01'),
(105987, '236bf45a407d4efe91c1645e71ad4955f89b6df85fd28d233355cabc845a6138', '64c2cd5b0a8361fd58ac5ffd83b89f8738f2dd2479e453fb4778945e1442e947', '59c411b9af72b2bb6329c59a6ae6b002a475b3efc6a7fb96534e914ef13addd3', 129, 97954, 83998649018417, 0, 0, 95408, 1, 0, 1, 1, '', 7, '2018-06-12 11:37:51'),
(105988, 'be2ee71be2adf0da1b966c7a3c0573e2f340fc61374ca3c7e87e82cb0118b752', 'd5ffb7d1e3c8ecd9f830bac63eadb9f1ce9b740efc59d040e3002bc28a54e9eb', '59821378f8eb1bee791ac397695675e4a54b5d7d916094e37f80cb02efcb2fd3', 129, 99628, 1009300095100000, 0, 0, 96784, 1, 0, 1, 2, '64bdc7bb39f9c252', 7, '2018-06-14 05:21:09'),
(105989, '831b655adcf27fce3b6311356c4701875dee00d50c6573fcc892334e38cdbd92', 'b1fe44510c99cd1488050f002d42b3447cdbdc98155783c9deacdc281a178ef5', '7ab16df2aa90376e89bd67ef5e805b880e3fdbba57633e00d65a972e37259fa6', 129, 99655, 0, 1009300095100000, 0, 96799, 0, 0, 1, 1, '', 8, '2018-06-14 05:21:09');

--
-- Constraints for dumped tables
--

--
-- Constraints for table `Inputs`
--
ALTER TABLE `Inputs`
  ADD CONSTRAINT `account_id3_FK2` FOREIGN KEY (`account_id`) REFERENCES `Accounts` (`id`) ON DELETE CASCADE,
  ADD CONSTRAINT `outputs_id_FK2` FOREIGN KEY (`output_id`) REFERENCES `Outputs` (`id`) ON DELETE CASCADE,
  ADD CONSTRAINT `transaction_id_FK2` FOREIGN KEY (`tx_id`) REFERENCES `Transactions` (`id`) ON DELETE CASCADE;

--
-- Constraints for table `Outputs`
--
ALTER TABLE `Outputs`
  ADD CONSTRAINT `account_id3_FK` FOREIGN KEY (`account_id`) REFERENCES `Accounts` (`id`) ON DELETE CASCADE,
  ADD CONSTRAINT `transaction_id_FK` FOREIGN KEY (`tx_id`) REFERENCES `Transactions` (`id`) ON DELETE CASCADE;

--
-- Constraints for table `Transactions`
--
ALTER TABLE `Transactions`
  ADD CONSTRAINT `account_id_FK` FOREIGN KEY (`account_id`) REFERENCES `Accounts` (`id`) ON DELETE CASCADE;
SET FOREIGN_KEY_CHECKS=1;
COMMIT;

/*!40101 SET CHARACTER_SET_CLIENT=@OLD_CHARACTER_SET_CLIENT */;
/*!40101 SET CHARACTER_SET_RESULTS=@OLD_CHARACTER_SET_RESULTS */;
/*!40101 SET COLLATION_CONNECTION=@OLD_COLLATION_CONNECTION */;
