-- phpMyAdmin SQL Dump
-- version 4.8.2
-- https://www.phpmyadmin.net/
--
-- Host: localhost
-- Generation Time: Jun 29, 2018 at 03:45 AM
-- Server version: 10.1.34-MariaDB
-- PHP Version: 7.2.7

SET FOREIGN_KEY_CHECKS=0;
SET SQL_MODE = "NO_AUTO_VALUE_ON_ZERO";
SET AUTOCOMMIT = 0;
START TRANSACTION;
SET time_zone = "+00:00";


/*!40101 SET @OLD_CHARACTER_SET_CLIENT=@@CHARACTER_SET_CLIENT */;
/*!40101 SET @OLD_CHARACTER_SET_RESULTS=@@CHARACTER_SET_RESULTS */;
/*!40101 SET @OLD_COLLATION_CONNECTION=@@COLLATION_CONNECTION */;
/*!40101 SET NAMES utf8mb4 */;

--
-- Database: `openmonero_test`
--

CREATE DATABASE IF NOT EXISTS `openmonero_test` DEFAULT CHARACTER SET utf8 COLLATE utf8_general_ci;
USE `openmonero_test`;

-- --------------------------------------------------------

--
-- Table structure for table `Accounts`
--

DROP TABLE IF EXISTS `Accounts`;
CREATE TABLE IF NOT EXISTS `Accounts` (
  `id` bigint(20) UNSIGNED NOT NULL AUTO_INCREMENT,
  `address` varchar(95) NOT NULL,
  `viewkey_hash` char(64) NOT NULL,
  `scanned_block_height` int(10) UNSIGNED NOT NULL DEFAULT '0',
  `scanned_block_timestamp` timestamp NOT NULL DEFAULT '0000-00-00 00:00:00',
  `start_height` int(10) UNSIGNED NOT NULL DEFAULT '0',
  `generated_locally` tinyint(1) NOT NULL DEFAULT '1',
  `created` timestamp NOT NULL DEFAULT CURRENT_TIMESTAMP,
  `modified` timestamp NOT NULL DEFAULT CURRENT_TIMESTAMP,
  PRIMARY KEY (`id`),
  UNIQUE KEY `address` (`address`)
) ENGINE=InnoDB AUTO_INCREMENT=135 DEFAULT CHARSET=utf8;

--
-- Truncate table before insert `Accounts`
--

TRUNCATE TABLE `Accounts`;
--
-- Dumping data for table `Accounts`
--

INSERT INTO `Accounts` (`id`, `address`, `viewkey_hash`, `scanned_block_height`, `scanned_block_timestamp`, `start_height`,`generated_locally`, `created`, `modified`) VALUES
(129, '57Hx8QpLUSMjhgoCNkvJ2Ch91mVyxcffESCprnRPrtbphMCv8iGUEfCUJxrpUWUeWrS9vPWnFrnMmTwnFpSKJrSKNuaXc5q', '1acf92d12101afe2ce7392169a38d2d547bd042373148eaaab323a3b5185a9ba', 101610,1, '2018-06-21 03:00:30', 96783, '2018-06-14 05:20:09', '2018-06-14 05:20:09'),
(130, '59imctBu85zZ9fJDTndqQRikvkeGnnUF6EuLERmdpE5fW2EEJbvbAc92uLfao947dpYpV4JaWg7FfUAenFQ6DMyfNQG8v1C', '1af8e9e4b194d2bf6fc771718d97cd65bec142796445df74855e5502205aa41d', 100871,1, '2018-06-20 01:37:28', 100480, '2018-06-19 04:39:16', '2018-06-19 04:39:16'),
(131, '55ZbQdMnZHPFS8pmrhHN5jMpgJwnnTXpTDmmM5wkrBBx4xD6aEnpZq7dPkeDeWs67TV9HunDQtT3qF2UGYWzGGxq3zYWCBE', 'c8e858047caf1615dc77759a4b134befc40955ab945bc381de71cf4502047059', 105232,1, '2018-06-26 04:22:22', 100480, '2018-06-19 04:39:27', '2018-06-19 04:39:27'),
(132, '53mqDDKtVkib8inMa41HuNJG4tj9CcaNKGr6EVSbvhWGJdpDQCiNNYBUNF1oDb8BczU5aD68d3HNKXaEsPq8cvbQE2FBkTS', '4fbcd8e59f156553713e0b624930856a7798e98930cb9ae446712b53c44cde9d', 33399,1, '2018-03-15 00:47:44', 100870, '2018-06-20 01:36:25', '2018-06-20 01:36:25'),
(133, '57hGLsqr6eLjUDoqWwP3Ko9nCJ4GFN5AyezdxNXwpa1PMt6M4AbsBgcHH21hVe2MJrLGSM9C7UTqcEmyBepdhvFE4eyW3Kd', '69b1d4a9f618724fabb85ef1e6631d384a0b8ea75cda94ecc999a8680af2d439', 100871,1, '2018-06-20 01:37:28', 100871, '2018-06-20 01:38:28', '2018-06-20 01:38:28'),
(134, '5AjfkEY7RFgNGDYvoRQkncfwHXT6Fh7oJBisqFUX5u96i3ZepxDPocQK29tmAwBDuvKRpskZnfA6N8Ra58qFzA4bSA3QZFp', '46efade82358c19fc2f42b86cb10297e524fbe6c39f807fb064a445c5d8b6367', 101610,1, '2018-06-21 03:00:30', 100937, '2018-06-20 03:49:53', '2018-06-20 03:49:53');

-- --------------------------------------------------------

--
-- Table structure for table `Inputs`
--

DROP TABLE IF EXISTS `Inputs`;
CREATE TABLE IF NOT EXISTS `Inputs` (
  `id` bigint(20) UNSIGNED NOT NULL AUTO_INCREMENT,
  `account_id` bigint(20) UNSIGNED NOT NULL,
  `tx_id` bigint(20) UNSIGNED NOT NULL,
  `output_id` bigint(20) UNSIGNED NOT NULL,
  `key_image` varchar(64) NOT NULL DEFAULT '',
  `amount` bigint(20) UNSIGNED ZEROFILL NOT NULL DEFAULT '00000000000000000000',
  `timestamp` timestamp NOT NULL DEFAULT CURRENT_TIMESTAMP ON UPDATE CURRENT_TIMESTAMP,
  PRIMARY KEY (`id`),
  UNIQUE KEY `output_id` (`output_id`,`key_image`),
  KEY `account_id2` (`account_id`),
  KEY `tx_id2` (`tx_id`),
  KEY `output_id2` (`output_id`)
) ENGINE=InnoDB AUTO_INCREMENT=60809 DEFAULT CHARSET=utf8;

--
-- Truncate table before insert `Inputs`
--

TRUNCATE TABLE `Inputs`;
--
-- Dumping data for table `Inputs`
--

INSERT INTO `Inputs` (`id`, `account_id`, `tx_id`, `output_id`, `key_image`, `amount`, `timestamp`) VALUES
(60737, 129, 105971, 428896, '27f2f3e8b80845f9d4f818e4f8ffcc1fee474a9d1bb10d6abdcb4846024ef003', 00000086162754938417, '2018-06-05 11:42:17'),
(60738, 129, 105972, 428896, '1c055ad35072673542db9bae45f99aec30e6e36fd6529c1975d5a38f3a887d88', 00000086162754938417, '2018-06-06 02:05:02'),
(60739, 129, 105973, 428896, 'c0b036bbb4b280229742e261e1cecfc067e974afbb1030b6a6d0f96a54cc79d6', 00000086162754938417, '2018-06-06 11:56:56'),
(60740, 129, 105975, 428898, '76eec37490b07272b10fac88b4e13f410baaacad5d543cbf55a9c04fc50f6f95', 00000075099346138417, '2018-06-07 05:07:30'),
(60741, 129, 105976, 428899, '1a82a659622fcf0f5da0198a217e13d6fc315babeef1bdb69aabafffd0f7af39', 00000100000000000000, '2018-06-07 05:07:30'),
(60742, 129, 105977, 428899, 'a71678019703665175d1e067d20c738a8634aeaad6a7bc493a4b5a641b4962fa', 00000100000000000000, '2018-06-07 05:07:30'),
(60743, 129, 105978, 428899, '173a8ccb6087f53f0c72e3fa26b23537ccccbe84334a9df3d5f8b56763d739df', 00000100000000000000, '2018-06-07 23:20:21'),
(60744, 129, 105980, 428898, 'ec4e08ca1fefed809691955ecb19ff37740c1ea0f333e60f51827e830c07e900', 00000075099346138417, '2018-06-08 23:57:28'),
(60745, 129, 105980, 428897, '2b5c78e58e44f48c06faeaff6f452fb33202df83791d2777a47f4656ce423267', 00000011000000000000, '2018-06-08 23:57:28'),
(60746, 129, 105981, 428899, '45d3cf7b4f5db9d614602e9e956c63c35cf3da6f7b93740c514e06c898fb0da2', 00000100000000000000, '2018-06-09 16:45:52'),
(60747, 129, 105981, 428901, '3ef54482411c54a280081a87fd35e542b3b8906b702123c55468e71dd620d3a4', 00000009082338518417, '2018-06-09 16:45:52'),
(60748, 129, 105982, 428900, '6461227b5c533a1141472ef78bcbb19c5cda71142023311dafbc047484b07918', 00001000000000000000, '2018-06-10 19:49:44'),
(60749, 129, 105983, 428903, 'dc810c0964273acf77cff06a02473cec55e2b79908e4a774d0c1a4a7df041f76', 00000999916984840000, '2018-06-12 04:16:05'),
(60750, 129, 105985, 428904, '1f8a6ada4ee789dd21d19f8b8b3579128f525cf970023843b48acd3c1faa677a', 00000020000000000000, '2018-06-12 06:12:01'),
(60751, 129, 105986, 428904, '247428096274c547d6218377b7cc04658f86332f229c962d6572d06dd995f259', 00000020000000000000, '2018-06-12 06:12:01'),
(60752, 129, 105987, 428902, '288ea7479ccfca959312e12d65c68bea94b75151ff795ea76e3dd4c345bdccec', 00000084014373558417, '2018-06-12 11:37:51'),
(60753, 129, 105988, 428903, '25939dd132b04e298a630dddab557b5a356cb7b12e2391d9eaef5c2bb49d322f', 00000999916984840000, '2018-06-14 05:21:09'),
(60754, 129, 105988, 428905, '1a6f01f01c2c473fbe59de772e1efa7d31090bd7022342d7e99c8ac540231df5', 00000009500000000000, '2018-06-14 05:21:09'),
(60755, 129, 105989, 428907, 'f3c14cf3357a51dc104fd7163f0f4303db6f0e6e86907c20ae7a2d0f2f8b19d6', 00001009300095100000, '2018-06-14 05:21:09'),
(60756, 129, 105990, 428907, '51a9a137f539806fbba5c1c1e4de82eeb5eba7c7cab65c307e5031ced50b43b0', 00001009300095100000, '2018-06-16 00:21:54'),
(60757, 129, 105991, 428908, '8977030296c3417de871bb713107c455313097c812db175388cd0bb28b836ec3', 00000001123456789000, '2018-06-16 00:21:54'),
(60758, 129, 105993, 428906, 'f9e9976b918506a371061da8707f41781023bfdea6a5a81a51acac99bea8ac77', 00000074498649018417, '2018-06-16 09:20:00'),
(60759, 129, 105993, 428910, 'a85c1aac895ffc0a2313927d198038bebc9ee4105f8895ac20fadc668c768a60', 00000000060908069000, '2018-06-16 09:20:00'),
(60760, 129, 105993, 428911, '71e26188ded1d278aa4865535679abec13583050c74cf319a82f9d4eb3ba41ad', 00000001000000000000, '2018-06-16 09:20:00'),
(60761, 129, 105993, 428904, '6365e02b040186674b5198fc5deea5a16e2963390899076ec201ea4a9f5e05bd', 00000020000000000000, '2018-06-16 09:20:00'),
(60762, 129, 105993, 428909, '306392e3bd942444919c42ce770ba2ed99119f744a4dc60d205aba0cfc8a67f0', 00001004981762471000, '2018-06-16 09:20:00'),
(60763, 129, 105994, 428913, '5203173356ec706258af1a1036a13738696d89c921a5d8b6862ce2c544ac11ca', 00001000464364038417, '2018-06-16 09:20:00'),
(60764, 131, 105998, 428916, 'b24d93bf259801d814a9123c009fcbf68fb09c32eff593ef1075efc69c6e9e6f', 00000001000000000000, '2018-04-13 07:26:15'),
(60765, 131, 105998, 428917, '422088a32077801fbd87111ad76c11c0ba8db00963580fc27557734ecda52dba', 00000100000000000000, '2018-04-13 07:26:15'),
(60766, 131, 106006, 428926, '9375e12499afc1b7d52b48c783065decfc5e3e49da5da9e5b0a8070411f3171d', 00000023000000000100, '2018-06-05 03:00:01'),
(60767, 131, 106007, 428924, '92a3e68c2bc01b23b1bf8fcb34fb3a556efd4c3bf0ce095bd1cec6440b020867', 00000001182910760000, '2018-06-05 03:00:01'),
(60768, 131, 106008, 428925, '51a274b718a012707a8c247ce201c7396ddf81a5db70fa044acf73e5fb1e7564', 00000100000000000000, '2018-06-06 15:31:26'),
(60769, 131, 106009, 428918, '154ec45743d7b326fc77a394caa8db9bb5e017f84118d544244475ebe137a84a', 00000000726754240000, '2018-06-07 05:07:30'),
(60770, 131, 106009, 428925, '0e7fa10caa5c23e94acca29b77689f7653de875055013f9afe39c7d2856947c6', 00000100000000000000, '2018-06-07 05:07:30'),
(60771, 131, 106010, 428927, '90d1ee52025f5042f4c72f087cf28c7016363990f18f3936b0f02d09af71c5d3', 00000000703623070000, '2018-06-07 05:07:30'),
(60772, 131, 106011, 428927, '45229021c1f32224789d050e3f1874df263e767b94686a381dc17433d9b56898', 00000000703623070000, '2018-06-07 05:07:30'),
(60773, 131, 106012, 428924, '7ad71a4d1f502e2552709a27dc7b98d4f2180ff500d567c83884b9b214aac8a0', 00000001182910760000, '2018-06-12 06:12:01'),
(60774, 131, 106012, 428926, '6dbc1f43852706185c5a4adad8ae853e6a6a494958edc59c2acc065491c782e0', 00000023000000000100, '2018-06-12 06:12:01'),
(60775, 131, 106012, 428927, '414cd08aa287583435000ace2d5dbdfddce9d24a82b3651eb1b4ae5b747a3200', 00000000703623070000, '2018-06-12 06:12:01'),
(60776, 129, 106013, 428914, '4737feca52a3d5e8f22f7902b137d1da7a5ec5d85f53b0e36d0310bba57beced', 00000999401841838417, '2018-06-19 04:44:46'),
(60777, 129, 106013, 428912, '128d6034ff1fa9d2164fe5b58c29c08fba316e1dd1d560bbdb4c66488d844831', 00000100000000000000, '2018-06-19 04:44:46'),
(60778, 129, 106019, 428929, '7525651d4a44864b07ec04e5ab7204f79b574571e5fb1732e88a1a8f5c1acf55', 00000595623602158417, '2018-06-19 07:46:36'),
(60779, 131, 106020, 428934, 'f24ab02ac90ea2d524daa4dbc1e2847a83d9a832d86a9afedcfdab4f3a5a7c02', 00000029945796221618, '2018-06-19 08:07:50'),
(60780, 131, 106021, 428932, '77eb71c0c287f1b77aaa11d35cf5fdb0148cac6fd07869121f5fbd21f29a4b44', 00000029947395543906, '2018-06-19 08:07:50'),
(60781, 131, 106022, 428931, '73459f26c9a91f05799b58a6d1a349175bd64890845ae5c595448c86ec10a928', 00000029947624025492, '2018-06-19 08:07:50'),
(60782, 131, 106023, 428932, '9090eff0e4586b79506953979296a0e0bde4315609c901858254b378a2248ba4', 00000029947395543906, '2018-06-19 23:55:54'),
(60783, 131, 106058, 428933, '467fc35773882b2d973de13c8f0ab7044722cbca2484c5294a5bb50d0d4d4173', 00000029947224183861, '2018-06-20 02:24:08'),
(60784, 131, 106059, 428934, '22eed6cfd94d486a632677624d61e4da890e118c82a139b75629734655d27ad1', 00000029945796221618, '2018-06-20 02:24:08'),
(60785, 131, 106060, 428930, 'b22a9903e540b79ff5ffbc93c709cd18dbdaa0acc6e360290af4d3efb5d41098', 00000500000000000000, '2018-06-20 02:24:08'),
(60786, 129, 106067, 428929, 'ada840174bb9f1dde7b554d8065596adcac6f842c89e01aebda96749fb2cfa84', 00000595623602158417, '2018-06-20 03:52:55'),
(60787, 134, 106070, 140460833003771, 'daa32b6bfb671a92c2f9296e5d09174b509a69ac2e67988533bbbe5d6bf298aa', 00000139849921289310, '2018-06-20 05:11:39'),
(60788, 134, 106070, 140460833003767, 'c0b2a4909185084c7113de20415c3b7545e5d4f0cc5b5fd21cd1d297ad1286ed', 00000001000000000000, '2018-06-20 05:11:39'),
(60789, 134, 106070, 140460833003769, '7d8e2a1f1755ef12ce28185821e6b19cb6023d535411bbb7abdced139c923bad', 00000010000000010000, '2018-06-20 05:11:39'),
(60791, 129, 106073, 140460833003773, '43dc13b1be1091a18b86064b3ace82df424176d95c890c7546b3bce6c149e3fd', 00000585561364388417, '2018-06-20 06:21:08'),
(60792, 129, 106074, 140460833003774, 'f2cfc4dffaa9b3976a3ffc9c685778776e105620a737cdfa779e21e839d56dcb', 00000123000000000000, '2018-06-20 06:21:08'),
(60793, 129, 106075, 140460833003778, 'fadb7c71100b0d05b6fa0d49640fb998c637588401d7e2cddf56e21c4888ec7f', 00000023000000000100, '2018-06-20 15:55:42'),
(60794, 129, 106076, 428900, '908cd4fe66aa1b302bd1799bf71854e5b6e799e781dd043b884a55984459018d', 00001000000000000000, '2018-06-20 16:28:22'),
(60795, 129, 106077, 140460833003774, 'f0714b200a3936a82a4a3e4378e369b96088d33537fc6f3846d10b54f77ff0ce', 00000123000000000000, '2018-06-20 16:28:22'),
(60796, 134, 106078, 140460833003775, '5d3030c47205748ec02bee7046029671a47e082ee5eb290c673acb3cac23b704', 00000245678901234500, '2018-06-20 05:15:56'),
(60797, 134, 106079, 140460833003769, '00dd88b3a16b3616d342faec2bc47b24add433407ef79b9a00b55b75d96239a4', 00000010000000010000, '2018-06-20 05:15:56'),
(60798, 134, 106080, 140460833003775, 'bc75c72f8997279106416f25f8c95976307c8e289509f81c932f86fbbaddfc6b', 00000245678901234500, '2018-06-20 05:15:56'),
(60799, 134, 106081, 140460833003771, '710b0eb67712f2c43700d895bb6f780d5e2c7feb29d64a9b9f43c3cbe53dca6f', 00000139849921289310, '2018-06-20 05:15:56'),
(60800, 134, 106082, 140460833003777, '34fedb015234b6513cd08580ed3efff1ab5b20586ce8b28bd1581d65744ceeb4', 00000123677771919210, '2018-06-20 05:15:56'),
(60801, 134, 106083, 140460833003780, '17d3a9c98911f1a4a400d141164449ec5355618c0f5e0daf110dff3ada0c819d', 00000142897491554500, '2018-06-20 05:15:56'),
(60802, 134, 106084, 140460833003769, 'abc529357f90641d501d5108f822617049c19461569eafa45cb5400ee45bef33', 00000010000000010000, '2018-06-20 05:15:56'),
(60803, 134, 106085, 140460833003775, '0e88fb5f5cea2e233ad4ada1f4c3028a690f9fa4796af109bcd4ba4f3a3d27d8', 00000245678901234500, '2018-06-20 23:40:10'),
(60804, 134, 106086, 140460833003780, 'a44e5fb941db7acb494e866b40186c372bd8eee5e25681b3c88070c095cf20b9', 00000142897491554500, '2018-06-20 23:40:10'),
(60805, 131, 106088, 140460833003768, '76be2adff021d152b489eb5c4029cc3e305b76b8d266bc47bb9585dc50dd68a4', 00000098984440430000, '2018-06-20 04:41:31'),
(60806, 131, 106089, 428933, '03cc401c8bbc11febf34b72a80cbc46cc37371b2c2170af43d628755c386ed29', 00000029947224183861, '2018-06-20 04:41:31'),
(60807, 131, 106090, 140460833003768, '6287bc622828e80aad58ee39732f5688eb39c6bfb90ffb2e9be7baae5c8600ef', 00000098984440430000, '2018-06-20 04:41:31'),
(60808, 131, 106091, 428933, '5d0447d9510858d83573a48a219fe77d1afc813bcfcf20b81d397871304d6a0b', 00000029947224183861, '2018-06-20 04:41:31');

-- --------------------------------------------------------

--
-- Table structure for table `Outputs`
--

DROP TABLE IF EXISTS `Outputs`;
CREATE TABLE IF NOT EXISTS `Outputs` (
  `id` bigint(20) UNSIGNED NOT NULL AUTO_INCREMENT,
  `account_id` bigint(20) UNSIGNED NOT NULL,
  `tx_id` bigint(20) UNSIGNED NOT NULL,
  `out_pub_key` varchar(64) NOT NULL,
  `rct_outpk` varchar(64) NOT NULL DEFAULT '',
  `rct_mask` varchar(64) NOT NULL DEFAULT '',
  `rct_amount` varchar(64) NOT NULL DEFAULT '',
  `tx_pub_key` varchar(64) NOT NULL DEFAULT '',
  `amount` bigint(20) UNSIGNED NOT NULL DEFAULT '0',
  `global_index` bigint(20) UNSIGNED NOT NULL,
  `out_index` bigint(20) UNSIGNED NOT NULL DEFAULT '0',
  `mixin` bigint(20) UNSIGNED NOT NULL DEFAULT '0',
  `timestamp` timestamp NOT NULL DEFAULT CURRENT_TIMESTAMP ON UPDATE CURRENT_TIMESTAMP,
  PRIMARY KEY (`id`),
  UNIQUE KEY `out_pub_key` (`out_pub_key`),
  KEY `tx_id` (`tx_id`),
  KEY `account_id` (`account_id`) USING BTREE
) ENGINE=InnoDB AUTO_INCREMENT=140460833003782 DEFAULT CHARSET=utf8;

--
-- Truncate table before insert `Outputs`
--

TRUNCATE TABLE `Outputs`;
--
-- Dumping data for table `Outputs`
--

INSERT INTO `Outputs` (`id`, `account_id`, `tx_id`, `out_pub_key`, `rct_outpk`, `rct_mask`, `rct_amount`, `tx_pub_key`, `amount`, `global_index`, `out_index`, `mixin`, `timestamp`) VALUES
(428896, 129, 105970, '967c0b4f99dce31c0e2140bc67e444d80b5866a5fc0cd4360c8a39accc383c78', '4619b7d6fc0d7fd273a8f8ecc93cfbf4e4bf1223fd6009a2f1423d590c73d218', '1df843f18eeb525c7d52041f49795b8c628cf592583297b0b120ac982809f101', 'be90381dc2a1a375ea5b4aa75f15a91b019968a292fda69cf13d45c35f479808', 'c3e8f5a0c7bb55ff488c998b792a753da8c0cdc03c0980fc63f9e14a0ae0e37e', 86162754938417, 59614, 1, 7, '2018-06-05 04:53:15'),
(428897, 129, 105972, '74e32e1773daff0072320e88c455c6b3df57e5a0f80210aabb0e0c1a47bee44b', '565c5a821c06e0e077eef25956be4bee0b067ceab42820c0b4d76c8d1e44b41d', '6d2286cd02f3710f9f7ba09f977cf57a398d4ece1832923e80f4091de79c460d', 'fcff1f1e8c67d5b6595b788fcb925dbc6f136d8ed00f540290dfe59326241809', '722f57db931cfb9da0f03da12ad692f146d4111cca560d6cb898af600beec618', 11000000000000, 60319, 0, 7, '2018-06-06 02:05:02'),
(428898, 129, 105972, '55a879a5b81e1eba74db886b9e7c0a300c3741bb5d91bdff8ac1defdfa646f64', 'b50287c59a734f62e6db407f7e2562d978dd5fd8d0b69b69bba839d295673f88', '10a457162838e3835ee79b19a69d4c0449a5be83eab492447e90ddd3c4c6a00a', 'f08110752330cc2d5e774c91508c2dbdc08b8512fa56b732208059fab24e7704', '722f57db931cfb9da0f03da12ad692f146d4111cca560d6cb898af600beec618', 75099346138417, 60320, 1, 7, '2018-06-06 02:05:02'),
(428899, 129, 105974, '2f7d943cf75ee1d1d55f87bb1bcd938c0b2e16856d02cac4958044a0acedec56', '484ba297909cf0ec7b58cc5f2410c2666e8b95b33a1672b601ea9ca60f6537e9', '509c8f4d3025d6e58f058768d34834e0fa6ffe051ed192661e4a64711a1ab505', '20bafa3af0a74f5ba875850a92e9b8943b7bebdd9bbc9c94199112b342e54909', '150f1f54c3dd594d0345668a62948bf65d84719f05632903f859f949e86e8879', 100000000000000, 61697, 1, 41, '2018-06-07 05:07:30'),
(428900, 129, 105979, 'f59d4ff84b041d8b645152b46df3a42227d4f8fd522a6e8be87565f085205cba', '351ca6fe115a2c4175182e552e30c2d6a150402e02d4275502be90bd74a57861', 'c5ae54573103f6819e9e7668b80be316222b1f8a6a6b6a082d27b18de4dfb507', '74dc4af86bcd4cfb1fa5dfb8572dc8ff27eef605d1a0d5b9506a912f34c12d02', 'bd32ed47beff2ece53940760d3537a6650d616ec2a0b16a855f0f35f2175a61b', 1000000000000000, 63349, 1, 7, '2018-06-08 23:57:28'),
(428901, 129, 105980, 'a313f51be73baf74863fd54e9c87de89469b0b9309ce7b590ea1cf832dfaa449', 'dfdf819815aa8ca055e73ec32517f17984ee6029994766a3583b7d3f667c4fe2', '929f1b5314d51d22f6957e101d0a363360ff261505cd19f8431d886b3b72140a', 'ae937a7b23423f650270717cc2b430f29e3c617727c1f3c212fb7320e969e301', '27df9a3daacdf88b6b6edf3966c9f255cdb23aaeb5405432bde0cd0bb7bf0602', 9082338518417, 63356, 0, 7, '2018-06-08 23:57:28'),
(428902, 129, 105981, 'a9d876b01eb972db944b78899b4c90c2b66a3c81fe04bf54ff61565f3db53419', 'dadad568ed09dd2ce4f22b8375bc3c8fb7391af13ad24d34eed99cc61977a853', 'a80d1e7a2ac0ff89f7151e1d8736b4a4b720464a262f52bba0c2ffa5355b3a0b', 'bd5a5a87a2610c12d2edc410d2d26fc855c1ea3ce211e19881a4bc79b7ef2804', 'cbfd2dec16b9cb35c8b5177e18615e7273b2bd43517dca8bd9ec9aaae6b7f67d', 84014373558417, 63870, 1, 7, '2018-06-09 16:45:52'),
(428903, 129, 105982, '5855e6934f971f01b51984a4c64179ceeaa9710fe0717ec4da544391a9dee5b1', 'b94d4c77aa31b71ab000a860627b7837b10cf54e6c7de5cd0ff408196cdfa481', 'e17cdc23fac1d92f2de196b567c8dd55ecd4cac52d6fef4eb446b6de4edb1d01', 'f02e6d9dd504e6b428170d37b79344cad5538a4ad32f3f7dcebd5b96ac522e07', '03cea1ffc18193639f7432287432c058a70551ceebed0db2c9d18088b423a255', 999916984840000, 64915, 1, 7, '2018-06-10 19:49:44'),
(428904, 129, 105984, '33e0a19442be4f1983a4c4716ef300cbeea02fc9f0aaa715786db04576c62c10', '75e1614c3215964f6acdbb9de6ec6bffe299d707675267fc1dec306e5a937ec7', 'bd8bdc60286dbb65a5b91703dacfb84e4677f936a8fa09b35dc0e43a7ec1e90a', '943e71d4510f9abaf4129583f5a732302fc2e920ca3f2b5225c29d5203117902', '03dd828daec027910801d9760ba80b3b01c8337dd8a44e14365cda8026bd3461', 20000000000000, 66614, 1, 41, '2018-06-12 06:12:01'),
(428905, 129, 105987, '92cd8bf2a8af5ab93b23d444df827ca9841722b4757c70a3cb2a19c4dbf6bc57', 'a3c4e29faf49362fcd8d58f49fee9d22451aa8a8479891d0f524fd4c5f89602c', '00483b3f5c394f15f8803e0c35f439c0202988817cf2cc8b9a48263cc4d8a902', '066344e11b3d2c3895a7a4b1ec07d65a53aac566ddd751370952163756a0ec0a', '59c411b9af72b2bb6329c59a6ae6b002a475b3efc6a7fb96534e914ef13addd3', 9500000000000, 66896, 0, 7, '2018-06-12 11:37:51'),
(428906, 129, 105987, '42a84b10deab57f1b562124fd6bbcf60386d0009de4d18267f7d51b49426a210', 'c775513ca73ac917863ccf052fbbd2bbc33ffe990e7f6799aad54e27073e187b', '0eae55a5bc65bc513163a6f160bea393a69b796b9d3016e926db62e90dd0f20c', '2c3d03b0119952e387bd8de743e4382fb82419972cf825599201bae780144c09', '59c411b9af72b2bb6329c59a6ae6b002a475b3efc6a7fb96534e914ef13addd3', 74498649018417, 66897, 1, 7, '2018-06-12 11:37:51'),
(428907, 129, 105988, '0c902ebb9668fa8ee1a5cf33e45e28176ecb119038157940a500ff2e7b7fa6c8', 'a5e0abe8557f70a049dd841331956a8865eefb6ce4b1eb0ca04bb351e1ffa2f4', '8b5c4d047c4c1353a64f893f63eb4af6911f0894807f51da219e270c70bef802', '9fac3044cdeed8a3e043892107b458b6c7c3c7eb30297c3403e7509baa34530a', '59821378f8eb1bee791ac397695675e4a54b5d7d916094e37f80cb02efcb2fd3', 1009300095100000, 68869, 0, 7, '2018-06-14 05:21:09'),
(428908, 129, 105990, '28e998ab2f68ed3fb54f6af83a0c28b283d4c64b595824621b4301d55673917d', '67872f0e48a4fd03fd06ad339dbb6cd89bd178bc1a2707223191116e3dc34a90', 'fff5c91708a898934e13707d3545f235534965100064f784594073b186747603', 'f0b130bcfe148c994ddd94bd810eddb700518eb3935c16abb659ce5112a36f01', 'c5b82256f13936e67728c03c7969af5770fd8cd9d13b6d1a8724eed4ca04ba81', 1123456789000, 70865, 0, 41, '2018-06-16 00:21:54'),
(428909, 129, 105990, '67461d434202ee38ba0b8b95da346a8a48067e87c6ab293b99cf15995ad476ac', 'f2bdc61e530b7c3b9e3aefc9e71083860ff5c86dbf950519cfbba6439c086ac6', '3b17bd8f1f045c8a6072fd2879dc28b2043ccca93ebbb444e53b3bcaee3acf05', '33e1cafaa8fcecafbbe86a93650d44fb93b64a23d5f1d1822c47da84703b1604', 'c5b82256f13936e67728c03c7969af5770fd8cd9d13b6d1a8724eed4ca04ba81', 1004981762471000, 70866, 1, 41, '2018-06-16 00:21:54'),
(428910, 129, 105991, 'cfbabb3fb65651d315bb79c34e0fbf4859bbc7b9bae26ad18b4d7ca9d673cdd3', '5bb5745f71ce9a152ea0a715d421f46cadaf61a6df3b5c7d2077b3cfcbff051f', '6539cd4d958a5e258a2d3fec888a93fac6c93ae7210fecb26ff115fe195fa704', 'a9665ab6d6de0a392f266fa4d03f6befb5fead4f6ec4bf488cd6428e9f63bb03', '872a600eb2081294f1dfed8e00185f9627cab90737c0f806de7a7f3b22e442b0', 60908069000, 70877, 0, 7, '2018-06-16 00:21:54'),
(428911, 129, 105991, '49acc474cff9f4b696532a9114ad1effb4e3f46e95c633a43226b0aef2565581', '93a0e40a2c039b9baa5295411ff21c0c941895520d4d3bbfa1690a229ab7b024', '44808093fd62a6124639462871fbd07cc16c6e1a9ec0cc314a9a979103406601', 'c6aa47e82c2068ee4ec078f6b4288fef287c56b44d5a8d294d4e17212ceb0004', '872a600eb2081294f1dfed8e00185f9627cab90737c0f806de7a7f3b22e442b0', 1000000000000, 70878, 1, 7, '2018-06-16 00:21:54'),
(428912, 129, 105992, '15a855d06ca6082b433f9f7f23a74c8cc90220b423c6383503d8857afa2df271', 'f95753650ab94c1bda41b97d54070f7d241d8ad4e0af2a9f22673ecd30bb4960', 'e2dddb433aecbfdc1d36a0da93037c3863634b0990b173e514c96812ac42dd05', 'ac5fb2e324e8422b63fbce1070b6172ad27fefc60045ecfccfeaecc11826310e', '2e41bea40e5b273c3b9f2f8e4a30936ce173ea7829b259d8de048288419bcc19', 100000000000000, 70881, 0, 7, '2018-06-16 00:21:54'),
(428913, 129, 105993, 'a5e68f05648c56302218afe6c82a19fde0f6c844971b1b4f52ccc2350b4f0dd9', '0fe87ef7d74ec32e7bbc9afd7c46cddec1b5eb836dee5dea86dc5f4c6c43e558', 'b1eae46572f1608e7a96493db31836066a6acbece59ca5fc85d10c39a2c8aa0f', '26b367c0b9806348ef84aa304c8620ef30cad6f33b2d8cce116b556de56d5500', '770117693ec041c7c6ce2f2e7a346a9c5effcdae45b620783b11ba9adbbdd037', 1000464364038417, 71093, 1, 7, '2018-06-16 09:20:00'),
(428914, 129, 105994, 'd59831de51f6d5e1b2d0ef202182f509830122b8b18800f0e78fca3bc030dabf', '79f32f22cc306d052b76bd2a6a0711fbd4f430227e7a389bb1dcaf8b4c904f39', 'ffe83bc1d3061deef5fa90e7a93c5f51a29257905b8b38cc1df68cdfa1184b0e', '6bd97e6b1a7e39b1fc3d7c6ebc3eb8d17f728dcccb39a7aafdede392aac73b08', '237a4cf3ecaf2ebb99d7a982fadbdb1a9939f60e3837876363419911ca5afe42', 999401841838417, 71132, 1, 7, '2018-06-16 09:20:00'),
(428915, 130, 105995, 'a1837787a89dfaadef15e1644d96c25f1b4a3baaf8aedf1c2c577f0bdd035214', '5c36531905767a564725fbc09587adf06889e0d3aeb9ea0dd6ffa471c194fd87', 'd8bbfa7453c579d682288c9d1b91fce3388957f111cd09c0c2b91af38060cc05', '6014989860e3fd19bde9a8b5b375d97f8f96192b8795d42e49c2c1a16c25b70f', '49f97b7c4adc727d8784c341a8de12d3aec6c769598a97a2734b977b7c10c447', 1000000000000, 2661, 0, 5, '2018-03-19 10:19:28'),
(428916, 131, 105996, '00acd1f834093158ac1e971f540fff0ec10d947ecda0447286c48a4882840612', 'a1af363c239e9cfbf856a0e01de4ff436c99d1240a07caa17624a07026803a6e', '910ef562cc77b321c215df00b06d87e36fe1e9069b43159ae61ef905d0eeca04', '495351c31496bfef092f27b2cd3959eea2dc78ba6fcd61b8e852cbdac2ce9605', 'b0e2a1ba07fdc67d862db7f4d0a9422ecffb501d5e70f5a5029634f1dfa26b47', 1000000000000, 2685, 0, 5, '2018-03-19 10:44:45'),
(428917, 131, 105997, '585f612520bacf8a09b597c7fbd6a26d5f9069d74f824aeef6319f3c1aa6df44', '2eb9364441a0fbf4934cf1b9acffadd93f2f66506d980cf802dccabb5a9eb96d', 'c431c3a657a079c3acbb2bcc49685e84c5526c4a98efc100e4a013d90c464607', '0bfeee357485ff3748724af0642757cbdd560d56e7edc4a74d68ef3f0eff6203', '5af82f96e390f80e9924c7296fa5b6bea4fe66a0ffce918fcde21faed5820fbd', 100000000000000, 7872, 1, 8, '2018-03-26 23:21:01'),
(428918, 131, 105998, '48704ef6ab31fac640d62f64e9adcde30915b0192ef9dfa55e2811171155f4f6', 'ea81e71ac67d96caacc22f284700d84276b65c77ac609e48180f7a85a9cfe946', '47148e36138a31256548bf6ca15c2015bc565f954d9bab31cd5f66f8bb09200d', '92ca61cb762cc646e9cfc3d7cbbbcb122826f47309a965a5749f4191b6541905', '30600a725a4c159556f6956ff11c5f4587cde38266250d6eeeb72a1684e31c66', 726754240000, 20779, 0, 7, '2018-04-13 07:26:15'),
(428919, 130, 105999, '82346dec233c36cadb17f4cd9bc81a01b53ccb132feb17787451a85a0ef63401', '88507b760f2c922d0eea8d5a648ddbc6f987ac1f1554c941328382327f323f15', '0129c7a39c8239f0c9bd784c90232d54dee6352ecc817fd1dba87ca3db140508', '1a808f40312bf3b5890819672a7d28eb9a4a41fc8efd7632d588b23e0fb5b108', 'c6f5bf7aa3cf0b798016d842c544fb6369796af39bde4df30c61e0364af1f9e0', 1000000000000, 55896, 0, 7, '2018-06-01 04:59:00'),
(428920, 130, 106000, '9c1b7e5cd50dbde5285cce3e8882a63a276ecb005afe10978f28bbb2a5a329b7', '70bffc614d0c718c838b45f250454d1dda62f34e671d12a97009caa93ce19709', 'aeb086738ea50e406fc1b9fd865617218e0f1dfbd99c72192d6b568688799c03', '550e13899c3e837005c0e12f8d38a812437dcaa1997154247c87dd1fd7876a03', 'd908c742f5ff983328a255e26953b444f644e373651acd2d9149b55789d1514a', 1000000000000, 55899, 0, 21, '2018-06-01 04:59:00'),
(428921, 130, 106001, '4c5de9619f92594db97c0d29263721d854caf816c78fe737a8bf1daa7334e581', '2e3f37c4f8c9b4ee3ccb57940b04cdf224fa4bb74a90654b947735f33c78de4a', '2d90f9beef6af7cc5c92a5ae5dfa43e723845b49a893a2ac5b91892bb49b150a', '1185046a1869d513373b8432f82e2357f640540488220000c4e843a0b4ae840a', 'f65c5b5a727af677c20d35fa928c68e181286c87f7d8c6639493f79b74f76ecb', 1000000000000, 55911, 1, 7, '2018-06-01 04:59:00'),
(428922, 130, 106002, '8eef8c96af78145e8563436ff2d610680cf05a67e3a103efd9fd2ff0b7a5bd78', 'e33fa935f29a9d3297fdf359d37c56e56429e12fca0a03719c4c50076a5ca58e', '2c1935ad6db1c0d49d7bab751d5ecd04be7ce8cf259f7bd5a098ccab748f1500', '7720dbe31b33e7350643fc75f2981d3d6c4ae05c2bc8f2163701b7a911fd560f', '2ee5434ca13b0fe42fb7e4ee56b513ebd95e7f00d8ae519d2960cf0781fe54d3', 50000000000000, 55925, 1, 7, '2018-06-01 04:59:00'),
(428923, 130, 106003, '71f8c2629e602c15c569a4ab20ebb5681c0a1b5a7fd2ebe5c054d78fe91a2765', '46fae3520ce49c021f53740cc8e6b26255bbf283538725c67108a3489a351408', '2c2bbd4aa93fcaac49e7297281759d86fb58e426e472a9939c5ae17044c1d80b', '85f5438281ef86b1f67718d913b55edb8a68eb1bba07b71c189256b78f5bb30a', 'c82a2114e10c9561a06afef1e57dc88f95ca06fe088135dc7d4e7c51024b9aa7', 19000000000000, 55931, 0, 7, '2018-06-01 04:59:00'),
(428924, 131, 106004, '54663da9dc7084604d5277de9e7bb5dbaa9b97964a643b1d8b33d49540956f2d', '1914eb09dbf3ddf4ab12505757a45822ad0ce0cdbdd61f56561732f5b3939539', '5ab1de498978f8327efd6a7598ae693ad23da29d2a234727deb58041c6599d08', 'ad58c7c3b8c761e485b928b253023ec393954c423c35653329efd9c6dc695209', 'c9401e1696febc653728c3c2185daefe733344938db00c90a4e8ba5cdb6d098c', 1182910760000, 59458, 0, 7, '2018-06-05 03:00:01'),
(428925, 131, 106004, '8d53eb0c6bc8eed5dd9dff64d0a68d38046935ac32ed1d40fa0de02f24e3265e', 'a67e292748ba2e110260d7c6d810746fa040463978f11768e28445f23921a1c3', '09584e663ff86a483ffef28f0254f044bd0310c90ba2271337280fb681e7eb0c', '3662fe7f8c11f5ec9bce84800f8fb870ebb93e30538d3404b175966775e8f80b', 'c9401e1696febc653728c3c2185daefe733344938db00c90a4e8ba5cdb6d098c', 100000000000000, 59459, 1, 7, '2018-06-05 03:00:01'),
(428926, 131, 106005, '854f11aa1765485ed588df35b6fbded3c818c12686fd187029b9202ba166a15b', '5afdc5c6f47c642449e2f40da468b427854b91a66dd6f58f12d553849118d5ad', '0c73262e4f5f973dfb6c5306d500db34532767ba6302dae7689dd4193b1cda09', '1a0d7a08504937618ccb9c42bda71b0f15753c198fca1b3cee2128ced6df150f', '314ba242c44d13a510a762af2054ecd51726a3f75b71e8f402c13b8e450458c6', 23000000000100, 59463, 0, 7, '2018-06-05 03:00:01'),
(428927, 131, 106009, '52bc959d65630e0ccaaf1a58c613a513133539be90240ba61b9e0efe8e21397f', 'd8634b76dec15fa581ad7dd2957a2c0e3130e03c75cc136d4a811d768f67b8c4', '175ad069928b50d8f65d49c76b4d0e57009cde9ca726d101ffe5ca3f1e27a203', '7e2446d0986c83127982ac17309ababe0d59a70802a4432353f3d3a3ccf6f10e', '150f1f54c3dd594d0345668a62948bf65d84719f05632903f859f949e86e8879', 703623070000, 61696, 0, 41, '2018-06-07 05:07:30'),
(428928, 131, 106012, '40572508c72410fba6f5386a436f9b7aa91e9c74267a93b23dfa96f8f451c2e2', '7ce65abea278c8b63f7e636e52153a9c391c8e708b2b0ca36f8733cb6eaabb2c', '3194d3e15909adf473b3e3cf4a849f03423eb80852d5148cd032ca4505671902', '767419c5c3692e4f23dd115afaa3509764a128c1567c031981112c41ec10ee0d', '03dd828daec027910801d9760ba80b3b01c8337dd8a44e14365cda8026bd3461', 668787570100, 66613, 0, 41, '2018-06-12 06:12:01'),
(428929, 129, 106013, '463bc246c26dafd69abfed824c4349daa7bc3d39a320f692c199fc717f322089', '5e62ec769cf64800926ab46f4b82b12984fda35960d8c6ccd54e5fff806489e4', '44ca3f8c81e37786ceb82b422fd98a1ac7882fe5bc98307c694cd3ef6d6e630c', '017e10e677a73a7e0f597fee232ed9299f3eeed184093d20f6e434216a4e8e04', '5ae6bd4c1a38b823e351651c79ccebc4d2083b73403f7ac2c3f890bc91fddca1', 595623602158417, 73405, 1, 41, '2018-06-19 04:44:46'),
(428930, 131, 106014, 'bbe35192c1b1cd2665882b89fb48382da543b39ed68b3cc7c65e9f0bc764781a', '47ce7919274a12f71c446a9f2caab258c7210259203283ff55626c1e7d95bccd', 'd14c0b6c3d5e2b37a9ff6d2fd591825355ecd8485059a72c88e956efbb27e802', '2300598026bb026ada06ec1f1ca5b8af2207cba66d61ba59d94272bac9977501', '5ae6bd4c1a38b823e351651c79ccebc4d2083b73403f7ac2c3f890bc91fddca1', 500000000000000, 73404, 0, 41, '2018-06-19 04:44:46'),
(428931, 131, 106015, '86ce7809fa4e551d9b46df6b6806a68d8e290c642f94dc47a8bce1a8a7f6c77d', '', '', '', '3708342403ed093c2b2d9a06e96f74760997832597a6efd4ca3035c0ee5ae0b0', 29947624025492, 73410, 0, 0, '2018-06-19 04:52:05'),
(428932, 131, 106016, '8b00f4faa2138e02d25bd7aa7edc55296e2e6f5ed4df4f629ec74b16f02cea98', '', '', '', '17d31bf2c17a1eb406503a07479799a85b12c524cca407c63d7279551ae76a29', 29947395543906, 73414, 0, 0, '2018-06-19 04:52:05'),
(428933, 131, 106017, 'be994b126d0e06e792f7ea8f60ba004c67cd5d209e4be17c1e55928a0dc7f581', '', '', '', '28b4c55648da2ae8701c6b983e34c717046144e47dab100ff865a0833bd5ab17', 29947224183861, 73417, 0, 0, '2018-06-19 04:52:05'),
(428934, 131, 106018, 'f459eda990187d8eca8d12971375c17c693c3c2120af2acbe4aff23bc46cd9a2', '', '', '', 'f787ecc1566ea9f72508313194e338219998de02c1564f109857fb0d4f835112', 29945796221618, 73442, 0, 0, '2018-06-19 04:52:05'),
(140460833003765, 133, 106051, '725f25dd8addf71f3adf7fbd84f7538819a5ac9ec4709ad5558e2eec5250e327', '701bbd2fd724c0b911af034e7ec1b17e87d812ca6e83735cf49f0d47c0216146', 'fb1886be33304768dd7cc5b94311cc7698e7ea81333540104c507e35efdc810d', '109522a40007a263bf0c915437b228e6cac25e626d0f0bca83d0ad340f50ef0b', '1151add4ba18f234198d425cd86d2416587eb3d3692ee11b3392ea2c477b2307', 31316771462244, 74110, 0, 8, '2018-06-20 01:37:28'),
(140460833003766, 133, 106052, '756e52fd67481e3ec51b20edd39a2a9fe6f36e0db610ece20cd0c60ea9ad7c8c', 'c96064a9abb340f8b77a7db27125cf0dac2b64b73f43851377147352b9e7167f', 'b4b4e45e71c9df44a1f8c3db0b539dbeb4646845cead3c622ba5b43ee9b94f0c', '85324bacc64bfd1ace906f81f96656b262e86e9bed72d88e7e4420d2bfed930d', '3880b120b8c63fb5465f69b69da793d3ce3c5c7de7ea1236609e636699cf696d', 31316900430751, 74112, 0, 8, '2018-06-20 01:37:28'),
(140460833003767, 134, 106061, '046e90f86bfd0dad8c1a673303508fb3713447e0a167264610c7e740dc42efa1', 'cbb73d7a7824a5650b9afd6d8182aebf83f2e25eeca0c30ed78c7e6d307efb73', '6022c11dc9d3a0170d1d5f06cd2e3032f6dcd264e59e18733d70c2ece1f99009', '6c7fa4cb4b4672dbd7ef7686939c2e96983945f0c35d688badc65d37bf9b0008', '9a9d13d0db79aa36f371e51f164aa97394c89bc57ec7040cc72895befd4d70f7', 1000000000000, 74253, 0, 7, '2018-06-20 03:50:19'),
(140460833003768, 131, 106062, 'd427abf5b9327c97366b0033a7a4ebbd2739a5e8dab170049bb9099ea2754ed8', '254cd8e9c5081818971c218b258728d5d8b12648cd2e47a2bb610a4b8d179f64', '945a627412f5148d0a796859be2d5f1347bc84e7b0f3d0c34698d94e1e4b3e0a', '735e3a61c5ddda4faf14066f4668c51a0349b43e05842afb4f1753a1af642c01', '9a9d13d0db79aa36f371e51f164aa97394c89bc57ec7040cc72895befd4d70f7', 98984440430000, 74254, 1, 7, '2018-06-20 03:50:19'),
(140460833003769, 134, 106063, '7f03cbcf4f9ddc763543959f0152bb5e66147359b6097bccf8fa0bbd748e1445', 'b89fdd10a23d575a1901f36e38ac771a4edf2b57dba653fde44c74d16928ff80', '2de78e752c19fd13978445000a7f55ab552ac263f0ea4560aa5d0f395da01f02', 'bff91d6c86f8653c295f99d267fea90f79d5ea4408986a3266624cd40b7ca606', 'cabf4e0df01dfbca8959be74a0d271ad4cc54ee365f1d5660b6e593926f415bc', 10000000010000, 74256, 0, 7, '2018-06-20 03:52:55'),
(140460833003770, 134, 106064, '1c50e709e5cd41f31b45529422d7c8a67df38ef40744e725bbae04d7b3894268', '133c23735117e86c751b534e6173547f464217f8ab1962dd26843cb7a36f3405', '479e4b11e3ae8be01aae1f11d55c7f0eb7159f25ffe09f4e761a5501e719dc05', 'd374183c73f95601600eafeda86cc7118cfa7e37cda2f315cccfe47bad9fbb06', '4e3008466491a4514af0bf7f066752c10b8c280dbca2e22154f96b1618e5c7e5', 4292247887374, 74269, 1, 20, '2018-06-20 04:05:39'),
(140460833003771, 134, 106065, 'f2987c260f5cd46b9a72a1ae80be3f86c8867d9bd256d93d63f602f495189656', 'd1846f6dee37b7141a76ec14f987c6fcec1a5047da6fde0e7a0a7296dd6050ef', 'f45d0abd9ecafeb506bdf4b74e2cc9f0d233248cd6713e0f8c6a02195800c202', '1ca614a49db5da81a70a91b240486b2e7440e1da5687618e9f2e53bd897dde09', 'b7601cb33713f14f730012c76c51122abd243f6f7df056f51a85325ba70c62b2', 139849921289310, 74271, 1, 15, '2018-06-20 04:05:39'),
(140460833003772, 134, 106066, '9f7558cb0c5923ecdddb0acc63852711ed1fedbe857e56ee0213b6f5508cbfb5', '', '', '', '38d4c8d02fa432056428b502d5210abe05a9e9596887103858fe6196d46a222a', 29952592567646, 74282, 0, 0, '2018-06-20 04:05:39'),
(140460833003773, 129, 106067, '18800dfce5cd068bb78c21795cb63baf5aed0fc1c340708cbfecf8164c49561e', '1f9cf75523b7243fd86756effffb414c017525257653487e799ee273d0944aef', '3d66cd8f4ae4b4dd7c8bcef9d6c687b04b245c441d1f1472aab1fd0efabf5d04', '2f58bf0185f4ce70e1e73486dc1c7d283b07cc2cc9c35a9e87c968b1f7b34c0c', 'cabf4e0df01dfbca8959be74a0d271ad4cc54ee365f1d5660b6e593926f415bc', 585561364388417, 74257, 1, 7, '2018-06-20 03:52:55'),
(140460833003774, 129, 106068, '616fc4981cbe4110fbf11f731c37593a13117b334048235daac5f1d71e0587d8', '0f99603942ea40d038b5f345d8f5d6d3847cb56b76bab3cbce14f66f74d2881f', 'a43caffb90c9015702bf003e94203c83f6941ed134d9878e851e93f9d4746a03', '4111f7d97063df7a9e95d6acee678361556b918c0928458ce908c6b1e6b1b301', '07c537636d32c1b6a044eee140ee3147d07f786e8dace1685df3fa950ea09332', 123000000000000, 74293, 5, 15, '2018-06-20 04:41:31'),
(140460833003775, 134, 106069, '3f7ca1b67b8fb6acdbc3f309f6e51b8f212865313bbf57a31b9d296b757dda84', '69dc2d1449417418d4bc1664dfd1b0156974b64dbdcecc7261bf297cdfd32af6', '29f208c3eed9748418b6a39c3e10d2451a2a5df1dc340656c52ffc4cf706950b', '747f8b7211d6b7671d618e2d1c96e6fff5f7c8371cab2f45384dbfc289c75a07', '07c537636d32c1b6a044eee140ee3147d07f786e8dace1685df3fa950ea09332', 245678901234500, 74289, 1, 15, '2018-06-20 04:41:31'),
(140460833003776, 134, 106069, 'eb0bb695366ef5ea55cd049769656f1428144c2dcceb1fb92c983a6648fdc481', '6d6e3a5005c8022ed3b004d92f8d9a660b0b217aac647e06888123651f0ac91e', '91ff0136a259b147a41f0f7e7bc9a98fea062a1e057e63d56b7c6b767c5fd605', 'f35ada40d635f628dc80a1e51eaed0a16df012b02eb9827a5f2e201999acd202', '07c537636d32c1b6a044eee140ee3147d07f786e8dace1685df3fa950ea09332', 123000, 74292, 4, 15, '2018-06-20 04:41:31'),
(140460833003777, 134, 106070, 'e475a89f6073029a3f6ca09f301d5a88e522e229b0a3e7867b2aa331cb46c8d6', '4a297d61a76e9d352852999229a2f735b8bbefd3fcbb680eec46761959be5c9a', '40d1c4eba4bee47fb53988a6b12fa4fdc661d20446d157eae0ea42a2c69d0800', '8394fb8714a97a9c98858f1f57e1c45530f8ecdebc88a62f8eaa986adcf0940f', '307f043802c7d6460fbf3aab1ad9bddeb417c7a5810382d0b282d2e3ffa860a7', 123677771919210, 74333, 1, 41, '2018-06-20 05:11:39'),
(140460833003778, 129, 106071, 'e4b04f1a4a46e00442df6fbee88056ef5d34fb87d432e232dc3b166be05fdb28', '32e62f9336efcb8a134813c6d9ac94736fea3ae7fa9969bb2acb5697bb361447', '5659ae1d583cd70ef6944164ab2c35f9ec26addba6cdd6d43287a58bf3e0fb0d', 'a0a3784186315a8ea8d8402026cd186c37c794f6d9b4b97f50e6726eda7fca08', '307f043802c7d6460fbf3aab1ad9bddeb417c7a5810382d0b282d2e3ffa860a7', 23000000000100, 74332, 0, 41, '2018-06-20 05:11:39'),
(140460833003780, 134, 106078, 'f0d1a5bf71467e60ffe53a78ec1521ecbb985d4e890d66b54fa3990b500f937c', '59c0ea051400362c876d01b722bf3f42cd9d5d89878f8cbd0aa33437773fefa9', 'f67c6d379d9d7446e8145639e60f08364fdf9037b4b26ddc0374db5f03eb4e02', 'c8933aff04aa77a8a64cb79857f29fd941eb7c1944abdfdc9082adbb09a89d08', 'abd3d37e07a8ae0b83dab63af6a6685fc2a56b2aa7d993ea2bfbb84d3102f98f', 142897491554500, 74343, 1, 21, '2018-06-20 05:15:56'),
(140460833003781, 131, 106087, 'a2504f3d9c79548295151eaa319a68a40f024dfa7e14e0d0c5db585b16214d9f', '0f84be97948eda224858ff7a93987420bf8732454e70ab812d77e14e5a4c383b', 'b388bfbe30a5f8fbfad47182e359702270970c83c6bd0c5061ab44e901237107', '3f54e39ca8ddc738476b6c859d80ec34e59cc44afdc4a5d2cd2da76ad573ef08', '07c537636d32c1b6a044eee140ee3147d07f786e8dace1685df3fa950ea09332', 100444440000000, 74290, 2, 15, '2018-06-20 04:41:31');

-- --------------------------------------------------------

--
-- Table structure for table `Payments`
--

DROP TABLE IF EXISTS `Payments`;
CREATE TABLE IF NOT EXISTS `Payments` (
  `id` bigint(20) UNSIGNED NOT NULL AUTO_INCREMENT,
  `account_id` bigint(20) UNSIGNED NOT NULL,
  `payment_id` varchar(16) NOT NULL,
  `tx_hash` varchar(64) NOT NULL DEFAULT '',
  `request_fulfilled` tinyint(1) NOT NULL DEFAULT '0',
  `import_fee` bigint(20) NOT NULL,
  `payment_address` varchar(106) NOT NULL,
  `created` timestamp NOT NULL DEFAULT CURRENT_TIMESTAMP,
  `modified` timestamp NOT NULL DEFAULT CURRENT_TIMESTAMP,
  PRIMARY KEY (`id`),
  UNIQUE KEY `account_id` (`account_id`) USING BTREE,
  UNIQUE KEY `payment_id` (`payment_id`)
) ENGINE=InnoDB AUTO_INCREMENT=3 DEFAULT CHARSET=utf8;

--
-- Truncate table before insert `Payments`
--

TRUNCATE TABLE `Payments`;
--
-- Dumping data for table `Payments`
--

INSERT INTO `Payments` (`id`, `account_id`, `payment_id`, `tx_hash`, `request_fulfilled`, `import_fee`, `payment_address`, `created`, `modified`) VALUES
(1, 129, 'e410eb43e14a28fb', '', 0, 100000000000, '5DUWE29P72Eb8inMa41HuNJG4tj9CcaNKGr6EVSbvhWGJdpDQCiNNYBUNF1oDb8BczU5aD68d3HNKXaEsPq8cvbQLPHdavp', '2018-07-03 23:54:55', '2018-07-03 23:54:55'),
(2, 134, '74854c1cd490e148', '', 0, 100000000000, '5DUWE29P72Eb8inMa41HuNJG4tj9CcaNKGr6EVSbvhWGJdpDQCiNNYBUNF1oDb8BczU5aD68d3HNKXaEsPq8cvbQLK4Tiiy', '2018-07-03 23:55:57', '2018-07-03 23:55:57');

-- --------------------------------------------------------

--
-- Table structure for table `Transactions`
--

DROP TABLE IF EXISTS `Transactions`;
CREATE TABLE IF NOT EXISTS `Transactions` (
  `id` bigint(20) UNSIGNED NOT NULL AUTO_INCREMENT,
  `hash` varchar(64) NOT NULL,
  `prefix_hash` varchar(64) NOT NULL DEFAULT '',
  `tx_pub_key` varchar(64) NOT NULL DEFAULT '',
  `account_id` bigint(20) UNSIGNED NOT NULL,
  `blockchain_tx_id` bigint(20) UNSIGNED NOT NULL,
  `total_received` bigint(20) UNSIGNED NOT NULL,
  `total_sent` bigint(20) UNSIGNED NOT NULL,
  `unlock_time` bigint(20) UNSIGNED NOT NULL DEFAULT '0',
  `height` bigint(20) UNSIGNED NOT NULL DEFAULT '0',
  `spendable` tinyint(1) NOT NULL DEFAULT '0' COMMENT 'Has 10 blocks pasted since it was indexed?',
  `coinbase` tinyint(1) NOT NULL DEFAULT '0',
  `is_rct` tinyint(1) NOT NULL DEFAULT '1',
  `rct_type` int(4) NOT NULL DEFAULT '-1',
  `payment_id` varchar(64) NOT NULL DEFAULT '',
  `mixin` bigint(20) UNSIGNED NOT NULL DEFAULT '0',
  `timestamp` timestamp NOT NULL DEFAULT CURRENT_TIMESTAMP ON UPDATE CURRENT_TIMESTAMP,
  PRIMARY KEY (`id`),
  UNIQUE KEY `hash` (`hash`,`account_id`),
  KEY `account_id_2` (`account_id`)
) ENGINE=InnoDB AUTO_INCREMENT=106092 DEFAULT CHARSET=utf8;

--
-- Truncate table before insert `Transactions`
--

TRUNCATE TABLE `Transactions`;
--
-- Dumping data for table `Transactions`
--

INSERT INTO `Transactions` (`id`, `hash`, `prefix_hash`, `tx_pub_key`, `account_id`, `blockchain_tx_id`, `total_received`, `total_sent`, `unlock_time`, `height`, `spendable`, `coinbase`, `is_rct`, `rct_type`, `payment_id`, `mixin`, `timestamp`) VALUES
(105970, '7456e8f14cc327ac653fa680e20d53e43b61be238302ea4589bb5a73932e921c', '4828a3fe7b41dccf2af7882ce6b326f84ce721acc5ea58177a920a30ba325c50', 'c3e8f5a0c7bb55ff488c998b792a753da8c0cdc03c0980fc63f9e14a0ae0e37e', 129, 91971, 86162754938417, 0, 0, 90693, 1, 0, 1, 2, '71e61f011eb1f41e', 7, '2018-06-05 04:53:15'),
(105971, '4409f02bf3b9cd772671c726b4fb7147101580396fcb1aefee566061b2044d89', '1d4a78797a3798e6d8a653f8419ea95f8ff8376925caf6069245056732d90896', 'f5bd0439d588259176aef848b32ca310d1fc8bc6939a95e5f6bb1debee6d18ae', 129, 92259, 0, 86162754938417, 0, 90880, 1, 0, 1, 2, '3dc67acdea69f817', 7, '2018-06-05 11:42:17'),
(105972, 'a783198e169e0fb8eee990cf41f40145497d0cee21abcaa0367c0dae5bc8279b', '74540a0fb817d7c8dbddc79ea16b988ec7fbabf5ea2481bdc817fa9a5f5e6524', '722f57db931cfb9da0f03da12ad692f146d4111cca560d6cb898af600beec618', 129, 92561, 86099346138417, 0, 0, 91167, 1, 0, 1, 1, '', 7, '2018-06-06 02:05:02'),
(105973, '93d0a9bbb10960e007961ab7df9c8d8b66cfeb5a0d75f3ddde635a90afe695b1', '9581a32c1d4e57b94933aa22c42476989397139fa62306f8d899d3e8b3e1b863', 'b5157f016db0d357f4dff643f1252e2707cdc2a10bea1cadb6793d22ce2c272c', 129, 93043, 0, 86162754938417, 0, 91521, 1, 0, 1, 2, '', 7, '2018-06-06 11:56:56'),
(105974, 'aa9485f537c19bfe92e699b2f0d9ff688dcd29ba9de6764b68ddce670bbdc35c', '59bc7c6c525237b3316f37d70e4c9363b5eb442a6f774954896eca2420690dd6', '150f1f54c3dd594d0345668a62948bf65d84719f05632903f859f949e86e8879', 129, 93660, 100000000000000, 0, 0, 92015, 1, 0, 1, 2, '', 41, '2018-06-07 05:07:30'),
(105975, 'd5dce86a8415443393e279dd6d15c39ebe74e29a6172f30a7564375df04bf18f', 'f9ae2f65361f3026dfc5b744e3f4d508944c1a3ee6645eef2b019a785c1a0f20', 'f19685d8f11cb85d48f05b76f3671f2b738c8e3c8cb8a17a321c87a5fd7c23dc', 129, 93745, 0, 75099346138417, 0, 92068, 1, 0, 1, 1, '', 8, '2018-06-07 05:07:30'),
(105976, '0f175f4d2dd3cfb086168a2d03a9552f54ff3b6caa8c692964cbea91deb100d8', 'b0c3bb1c56048507468ee97d9e58bd57e0ad7f0717c0bc028ae426d27c33d7a9', '1abd00e3cd0ebc21904a33d244e7cacb405c611774b56762b90a79137a786fd6', 129, 93753, 0, 100000000000000, 0, 92072, 1, 0, 1, 1, '', 8, '2018-06-07 05:07:30'),
(105977, '4b40cfb2fdce2cd57a834a380901d55d70aba29dad13ac6c4dc82a895f439ecf', '5b291cb1dae2d65c0ebbf24d7ff3200865da12654b7520b4e186055f58cfe645', '0a9e82db48149442ac50cff52a39fda95f90b9683098b02e413a52b4d1f05f1c', 129, 93830, 0, 100000000000000, 0, 92114, 1, 0, 1, 1, '', 8, '2018-06-07 05:07:30'),
(105978, '8e0cd7bb2f986abcb5b246448cac2e2e6d430ba70f119edc615508e174fcf49a', 'd85e536bd15649cd009ab09031e931ddd4badf61ac8fd2d2692f7e1f60eb73b7', '8e20de74094eed60907931619a323e168ee225d6444b3b2de79cded880576b7b', 129, 94213, 0, 100000000000000, 0, 92435, 1, 0, 1, 1, '', 8, '2018-06-07 23:20:21'),
(105979, 'd0a064c65161d7dda14ec18cf374cc5472f0e431d24628fb6ea6bc936aa4099f', '976f817d1d67d73903bce0e765ff25b0c0806f5cb3f1ec6b81b1e2b4f7473e2f', 'bd32ed47beff2ece53940760d3537a6650d616ec2a0b16a855f0f35f2175a61b', 129, 95043, 1000000000000000, 0, 0, 93132, 1, 0, 1, 2, '', 7, '2018-06-08 23:57:28'),
(105980, 'bcc39dbc076818ee6e61252b7baeb83ed150678ba3eb93f020095ac0de368d2d', 'a5ad78681e39d1e79cad5d39e49f87a021516b7364bcd8c5b1271be48400a97c', '27df9a3daacdf88b6b6edf3966c9f255cdb23aaeb5405432bde0cd0bb7bf0602', 129, 95050, 9082338518417, 0, 0, 93138, 1, 0, 1, 2, '', 7, '2018-06-08 23:57:28'),
(105981, '1640236fe817f83b0bd2082c655d152be390e4f78e41db5b935bb8a53249fe8c', 'f5ad7d9403f5cebba9d5859f306f52b76fd3fee62ebf525ec6e4e4f56a22e1f1', 'cbfd2dec16b9cb35c8b5177e18615e7273b2bd43517dca8bd9ec9aaae6b7f67d', 129, 95559, 84014373558417, 0, 0, 93643, 1, 0, 1, 2, '', 7, '2018-06-09 16:45:52'),
(105982, '87617d03aeab903262dacf764eb845b13a3775860acec23f2af595af43b8c295', '373adf397d1cc03a06d7a72ef26cb0efbdde2a83cce38219ae5d2fafd9c7d067', '03cea1ffc18193639f7432287432c058a70551ceebed0db2c9d18088b423a255', 129, 96476, 999916984840000, 0, 0, 94433, 1, 0, 1, 1, '', 7, '2018-06-10 19:49:44'),
(105983, '5ba2892c9c4075bef7d1567f63b78e4a277470c5a5fd29a69bfc6fc5ffd5e98a', '3b7fff8491b9f2bb6baa55974400cd9e878393fc6c7f9f2dd516c52291336d8d', 'ccfd9b537a2d18c3e3114797d77f67788839f5e85763bea005159498bf32727c', 129, 97623, 0, 999916984840000, 0, 95175, 1, 0, 1, 1, '', 8, '2018-06-12 04:16:05'),
(105984, '6d2ccaed55edd79ff45cb6530910e431f5ccaa4ed1a1e58407cab39ec56f1aa7', '1c2d46e527e67c5b5cc253d174755d38ec875283502ccbd6fe5773ade98cff9e', '03dd828daec027910801d9760ba80b3b01c8337dd8a44e14365cda8026bd3461', 129, 97740, 20000000000000, 0, 0, 95263, 1, 0, 1, 2, '5933f30fa25656ff', 41, '2018-06-12 06:12:01'),
(105985, 'a1e6c33090b1b6182475ff32649cfda3562c79ce60f4a7762f040423572b32de', 'd3dfaeeddf9ad206c5b071c5cfb897fc5d60d6ee5b49629276bcb057c3a07b5d', '0ff250a808c75f3c3f9f72ae4191260efa92c6150b8cf7d69c9be90b4b39b561', 129, 97776, 0, 20000000000000, 0, 95286, 1, 0, 1, 1, '', 8, '2018-06-12 06:12:01'),
(105986, '07eeb7fb38b46e5939c5692002b93ebb429cc2a6bb03f902f368e1e5df8de6ba', '0945813e6e130d2fd94a27b4d43edfe094c33c9494f2794cca0877014f7f5968', '973ec55ec43862f671df63f650153452f310f3eac8cf75619c664cd45f941fd2', 129, 97940, 0, 20000000000000, 0, 95400, 1, 0, 1, 1, '', 8, '2018-06-12 06:12:01'),
(105987, '236bf45a407d4efe91c1645e71ad4955f89b6df85fd28d233355cabc845a6138', '64c2cd5b0a8361fd58ac5ffd83b89f8738f2dd2479e453fb4778945e1442e947', '59c411b9af72b2bb6329c59a6ae6b002a475b3efc6a7fb96534e914ef13addd3', 129, 97954, 83998649018417, 0, 0, 95408, 1, 0, 1, 1, '', 7, '2018-06-12 11:37:51'),
(105988, 'be2ee71be2adf0da1b966c7a3c0573e2f340fc61374ca3c7e87e82cb0118b752', 'd5ffb7d1e3c8ecd9f830bac63eadb9f1ce9b740efc59d040e3002bc28a54e9eb', '59821378f8eb1bee791ac397695675e4a54b5d7d916094e37f80cb02efcb2fd3', 129, 99628, 1009300095100000, 0, 0, 96784, 1, 0, 1, 2, '64bdc7bb39f9c252', 7, '2018-06-14 05:21:09'),
(105989, '831b655adcf27fce3b6311356c4701875dee00d50c6573fcc892334e38cdbd92', 'b1fe44510c99cd1488050f002d42b3447cdbdc98155783c9deacdc281a178ef5', '7ab16df2aa90376e89bd67ef5e805b880e3fdbba57633e00d65a972e37259fa6', 129, 99655, 0, 1009300095100000, 0, 96799, 1, 0, 1, 1, '', 8, '2018-06-19 04:39:44'),
(105990, 'b598ca083a8ca550950289cc915bbc964ea44bcc92d6c6fe6abc862568ec1c60', '4e8c74c67be24d63eb7ed0f79cbb19d5043974bb014eb68639c21258cfeec375', 'c5b82256f13936e67728c03c7969af5770fd8cd9d13b6d1a8724eed4ca04ba81', 129, 101392, 1006105219260000, 0, 0, 98316, 1, 0, 1, 1, '62726bd3e2a97ddc', 41, '2018-06-16 00:21:54'),
(105991, '55aec2b22c6928861dac5ccef4dfaedd19bca3279eb180fbe6c7525619ac26b0', 'afcf9d0819a57cc4fc290d606668c5412fbbb6191ddc9a91c7e18e0d945ea950', '872a600eb2081294f1dfed8e00185f9627cab90737c0f806de7a7f3b22e442b0', 129, 101403, 1060908069000, 0, 0, 98326, 1, 0, 1, 1, '', 7, '2018-06-16 00:21:54'),
(105992, 'b38e2bd107eccbc9fdcf2ae8564425b5f0b97774f3b3507cffa94c24d29c43e1', 'e0c853fbb864e69a7a0e42fc797ee722477d7352540614512058a24a36cf8bc5', '2e41bea40e5b273c3b9f2f8e4a30936ce173ea7829b259d8de048288419bcc19', 129, 101406, 100000000000000, 0, 0, 98328, 1, 0, 1, 1, '', 7, '2018-06-16 00:21:54'),
(105993, 'ba9c24a07186a747936e2f0c90c5f0724233d3ab1aea083092b9cd1e8e6fcfc5', 'a4f7cc66dba5d5259e3380d0b5508861aa97e75ab149e08d0588e58c97be0323', '770117693ec041c7c6ce2f2e7a346a9c5effcdae45b620783b11ba9adbbdd037', 129, 101605, 1000464364038417, 0, 0, 98515, 1, 0, 1, 2, '', 7, '2018-06-16 09:20:00'),
(105994, 'c7cabec1d287ed42a9b941c354fbc30146bc92b9c28fd030bf6fa8c96025433e', 'a3bf3366a6d880e938a3d884c1081877034d8ef18555e845e340fa1d399420be', '237a4cf3ecaf2ebb99d7a982fadbdb1a9939f60e3837876363419911ca5afe42', 129, 101642, 999401841838417, 0, 0, 98550, 1, 0, 1, 1, '', 7, '2018-06-16 09:20:00'),
(105995, 'b7d0bb2919c770a8da537c76412e8c815a861e2d870659a1f725de4c4c469d3c', '71327871b92d213f63da7dbe9ea5416e86f874f13bbefcea0162e53c371a4138', '49f97b7c4adc727d8784c341a8de12d3aec6c769598a97a2734b977b7c10c447', 130, 36666, 1000000000000, 0, 0, 36658, 1, 0, 1, 1, 'aab7d9c4c43d417f', 5, '2018-03-19 10:19:28'),
(105996, '32d9023277d9540c1de75b9d4a9aa599c092b827012c6c35f3e41d1e2d2e9120', '9c8c0292a327e55a9f22030c19beeeb830804659df0311e25bc20480a74f9595', 'b0e2a1ba07fdc67d862db7f4d0a9422ecffb501d5e70f5a5029634f1dfa26b47', 131, 36689, 1000000000000, 0, 0, 36680, 1, 0, 1, 1, '', 5, '2018-03-19 10:44:45'),
(105997, '87aeb3cfd559fc7e58757df0bc6a605937afa0dd0154c40cc6ff8c0d88bcd52b', '59ab944133f1a0c0ba135de8c82d11ddcdd4ab00063fcb293d2e6de96fa84ad9', '5af82f96e390f80e9924c7296fa5b6bea4fe66a0ffce918fcde21faed5820fbd', 131, 41867, 100000000000000, 0, 0, 41848, 1, 0, 1, 2, '', 8, '2018-03-26 23:21:01'),
(105998, '662626b70e73541b68526410ed782811678b2de31fa4b14bd657e6ca241a6898', '284aa33824dc732d91d0e3f60b81fafc702b14f63c4b8037abee8d0030d06b73', '30600a725a4c159556f6956ff11c5f4587cde38266250d6eeeb72a1684e31c66', 131, 54525, 726754240000, 0, 0, 54411, 1, 0, 1, 2, '', 7, '2018-04-13 07:26:15'),
(105999, 'e464be4c28b378c240d925d25a8c3b9d1911bbe4ca63b4a9b1af97de280d7030', '79d0d4c36736f53c129dc1239b35abf6e6b646bbc265e08c0831e71ce49d3b8e', 'c6f5bf7aa3cf0b798016d842c544fb6369796af39bde4df30c61e0364af1f9e0', 130, 88642, 1000000000000, 0, 0, 87730, 1, 0, 1, 1, '', 7, '2018-06-01 04:59:00'),
(106000, 'b5b469db71d6cf1a1ab6e1f1e46653ff25afb7a702cb7f57fcb12fe551d2635c', '21d5c54b30358badac8c5312d07b6ae980e867765e949d46731246578af6acdb', 'd908c742f5ff983328a255e26953b444f644e373651acd2d9149b55789d1514a', 130, 88644, 1000000000000, 0, 0, 87731, 1, 0, 1, 1, '903f7a16415b96a0', 21, '2018-06-01 04:59:00'),
(106001, '250e5e8bf81400e4742c86b5926c99eba2a1fa0eb09dfd0dbf36e6e84ce34e06', '6929a00808396e95ea9725cb48632fe8756aef6127ab79cfe27e930a0bc7647f', 'f65c5b5a727af677c20d35fa928c68e181286c87f7d8c6639493f79b74f76ecb', 130, 88653, 1000000000000, 0, 0, 87738, 1, 0, 1, 1, '', 7, '2018-06-01 04:59:00'),
(106002, '604193569bf2e1e7a5d27dc2ef14fd53865ac7188d8b08ce29aa12e0ea6687d1', '253758d575a4ddd045dfeac5f8ee15b2ff07fe8d75168221035d78c9245b7e36', '2ee5434ca13b0fe42fb7e4ee56b513ebd95e7f00d8ae519d2960cf0781fe54d3', 130, 88665, 50000000000000, 0, 0, 87748, 1, 0, 1, 2, '5eae1c3a55dabd52', 7, '2018-06-01 04:59:00'),
(106003, '633b4dcf66c7662120704159c9143799486937ad39c4ec3236b656f4739305d0', '877532b595a31dadfabbe877ddb236d73f886aaf19c6106651b9fb71ae48596e', 'c82a2114e10c9561a06afef1e57dc88f95ca06fe088135dc7d4e7c51024b9aa7', 130, 88671, 19000000000000, 0, 0, 87753, 1, 0, 1, 1, '80f843e35f89f655', 7, '2018-06-01 04:59:00'),
(106004, 'c58e85d5c495e78c4427ad33c1cf4d1a6da2cffde649fae395e4fdb14fc4ee6c', 'f4279b78d433524e188a18ff0cb9d686aa88848b3012e7a4e3866df3e49237d8', 'c9401e1696febc653728c3c2185daefe733344938db00c90a4e8ba5cdb6d098c', 131, 91860, 101182910760000, 0, 0, 90626, 1, 0, 1, 2, '', 7, '2018-06-05 03:00:01'),
(106005, 'a98cf42f57c1f1cf6882c43bc047d327699d78cbb58881d1f378d1d85efee6d7', '71636bc26268d13af90fa847e6654771b5acc6e31d8674ae5d325a6560d87675', '314ba242c44d13a510a762af2054ecd51726a3f75b71e8f402c13b8e450458c6', 131, 91863, 23000000000100, 0, 0, 90627, 1, 0, 1, 2, '', 7, '2018-06-05 03:00:01'),
(106006, '43e8336398ca3f7d6142d32715a3430131288c8ede89948c10965c8f6e060050', '9a7fcf0be66342507ecda2e1cdc7dc7707f0e1a57b55741e03c7480eaeead950', '37ad41bf7d22e5712d3a1c55b967ef33ad5aedeb9dcc2eb917c4dd3fab089742', 131, 92023, 0, 23000000000100, 0, 90726, 1, 0, 1, 1, '', 8, '2018-06-05 03:00:01'),
(106007, '9684224ee1477a2eec7737fd542901b4f5ea9c8cd52a27d17c8ad32f873fa49e', 'e3ca0f2619185192bdc641370f731e62eb0b144027ea6eb162e067c5995bd3ca', '8e53b43114d48769a6702deb186983ebcaa3264beaed8ccd830c2e8a3e9ed3e6', 131, 92101, 0, 1182910760000, 0, 90776, 1, 0, 1, 1, '', 8, '2018-06-05 03:00:01'),
(106008, 'e7608a835d81c062d85ead2953e1c8b9b298a6bb56765a0b2c5f07f0997880c7', '242f5939e356ef81329ca54ec365a5340ec33f7f412f9d67dbbfbf2d2aabfb02', '1ec83760fd55194263fa322ccd0424c8aec10e36074ba65efcaaeb3dfe0b021a', 131, 93215, 0, 100000000000000, 0, 91653, 1, 0, 1, 1, '', 8, '2018-06-06 15:31:26'),
(106009, 'aa9485f537c19bfe92e699b2f0d9ff688dcd29ba9de6764b68ddce670bbdc35c', '59bc7c6c525237b3316f37d70e4c9363b5eb442a6f774954896eca2420690dd6', '150f1f54c3dd594d0345668a62948bf65d84719f05632903f859f949e86e8879', 131, 93660, 703623070000, 0, 0, 92015, 1, 0, 1, 2, '', 41, '2018-06-07 05:07:30'),
(106010, '08a4da91cefd0e87a0f19a0c42fad82e7dcdd07a5d4bc416d7d3e688f506a2f0', 'c5ccee19407839e4814bffa54bf2259600c5dca5b3ec85446a2608202bfbab42', '3b815923a6ad9020f21ef6bbc6ef3fa47e182b0ac4800a578f2cffc5d512eb10', 131, 93688, 0, 703623070000, 0, 92030, 1, 0, 1, 1, '', 8, '2018-06-07 05:07:30'),
(106011, 'be370423caf01579ca115f7b35c167829f2842709adfb422347ee75e6c85425e', 'b1922d66ea54a44ea43d62b62857ea676ca161058180035afcd7e67adb936dd2', 'cf95af236caff164abb6590893113810a887c373ebbd8c3345cc8e16ace7f5c0', 131, 93860, 0, 703623070000, 0, 92132, 1, 0, 1, 1, '', 8, '2018-06-07 05:07:30'),
(106012, '6d2ccaed55edd79ff45cb6530910e431f5ccaa4ed1a1e58407cab39ec56f1aa7', '1c2d46e527e67c5b5cc253d174755d38ec875283502ccbd6fe5773ade98cff9e', '03dd828daec027910801d9760ba80b3b01c8337dd8a44e14365cda8026bd3461', 131, 97740, 668787570100, 0, 0, 95263, 1, 0, 1, 2, '5933f30fa25656ff', 41, '2018-06-12 06:12:01'),
(106013, '61fe19c00a9131aa15843e634ae4abbf10ac5ed05121557dc807e1e83c24aff3', '6245cba0448669236869973de8e085b41331c23c61b2b000e50a52778b4154a4', '5ae6bd4c1a38b823e351651c79ccebc4d2083b73403f7ac2c3f890bc91fddca1', 129, 103745, 595623602158417, 0, 0, 100485, 1, 0, 1, 2, '000000006f70656e206d6f6e65726f2074657374696e67206461746162617365', 41, '2018-06-20 01:19:57'),
(106014, '61fe19c00a9131aa15843e634ae4abbf10ac5ed05121557dc807e1e83c24aff3', '6245cba0448669236869973de8e085b41331c23c61b2b000e50a52778b4154a4', '5ae6bd4c1a38b823e351651c79ccebc4d2083b73403f7ac2c3f890bc91fddca1', 131, 103745, 500000000000000, 0, 0, 100485, 1, 0, 1, 2, '000000006f70656e206d6f6e65726f2074657374696e67206461746162617365', 41, '2018-06-19 05:23:13'),
(106015, '70bc84da83a45458ae636b34847bf7fc254fe68bce3fc413f2ecff2f5a76ef45', '47f087ef31d0ee865584fbae25cdd2d11c46b9ba41dc6937313beb5704c196dc', '3708342403ed093c2b2d9a06e96f74760997832597a6efd4ca3035c0ee5ae0b0', 131, 103750, 29947624025492, 0, 100550, 100490, 1, 1, 1, 0, '', 0, '2018-06-20 01:23:47'),
(106016, 'e0bb5c07f9321876de20f86d3a0a3e1b5c27960aba838efaa7bf2973a2c18641', 'fb307aa40e4c26df050ffb45167cac13b344bad542dca4ce9d81f6b561678d04', '17d31bf2c17a1eb406503a07479799a85b12c524cca407c63d7279551ae76a29', 131, 103754, 29947395543906, 0, 100554, 100494, 1, 1, 1, 0, '', 0, '2018-06-20 01:23:47'),
(106017, 'e3424510d786bc6871be5cbbaab897120b6ac9e3d56e88b6331f2d6e87f8c750', '866e53e15192b44ef96fb5594d77850a8b282571f3726905015fa74ae6621010', '28b4c55648da2ae8701c6b983e34c717046144e47dab100ff865a0833bd5ab17', 131, 103757, 29947224183861, 0, 100557, 100497, 1, 1, 1, 0, '', 0, '2018-06-20 01:23:47'),
(106018, '8ffd94b3823f63c0f1fe5951f8d28b1e9bdb27f124053232718205c6773f5497', '3f245509da26dda24bd0f2b344c8c768df217e85d7c58b716719c43ebf10d3fd', 'f787ecc1566ea9f72508313194e338219998de02c1564f109857fb0d4f835112', 131, 103782, 29945796221618, 0, 100582, 100522, 1, 1, 1, 0, '', 0, '2018-06-20 01:23:47'),
(106019, '8eb0a34f257a6eaeb71756f1d899db9da1185eff10242cc117e637984bee401a', '3bf59f1795bbdebca904ce05d768f9657076fa906be8a58d8d47ca16715f9aa3', '1cfa54330d9fb8fdf2202b5fcab734e16cd004951b30d2b7512ae853b2a533aa', 129, 103872, 0, 595623602158417, 0, 100583, 1, 0, 1, 1, '', 8, '2018-06-19 07:46:36'),
(106020, 'efe5de394ace1647951246512dfc3fe5be8f414821c437affa57c87e50e9f47b', '044237dad0c105c5d4ea55d72f323c7776c482e9393063c3e05a460e0b391821', 'c6336a49c0cc602299ba6c365a642a055f002b0d8a92a25e2046ac7ac8a0a03c', 131, 103886, 0, 29945796221618, 0, 100592, 1, 0, 1, 1, '', 8, '2018-06-19 08:07:50'),
(106021, 'b8e892bfd130e2823dc403280b1cfd8de4ae878d3459a50831696686dbbde651', '2e6a35b32924fc55b934202d9679b603221c0538cfbe41976008aa7ad2eb1267', 'b4cf5b2f96892eecba1a7f0b82f8b34cacb2d67e9d7c1e51500fe7a8c84d9e27', 131, 103977, 0, 29947395543906, 0, 100646, 1, 0, 1, 1, '', 8, '2018-06-19 08:07:50'),
(106022, 'c2539bfa693afa97160f0919e2bb5a73d19b68a08c0769bf44d779e86946e2a9', '4f3d08c3d27e064204015f1225ea7bc93d4a0c13de3065214670ab12645bef9c', '4e45ecbf77033bbb9b8b19cdabc6b5f24a9548fb5401de6501706cc995a102ff', 131, 104074, 0, 29947624025492, 0, 100712, 1, 0, 1, 1, '', 8, '2018-06-19 08:07:50'),
(106023, 'a3a3aa283dd78c181d8c68ebeb62c6503b45bdbb2f8f5c181ab8985f9e2cfa14', 'ec23948d040bf5fa88a14912e8526016dfe7fd4aa56efbab0aba430f2e0e226c', 'c72df6f8fb76a09c541a1511f0ccc03ef13517c2f989a4768de04f2a56b7938f', 131, 104256, 0, 29947395543906, 0, 100854, 1, 0, 1, 1, '', 8, '2018-06-19 23:55:54'),
(106051, 'ed4562afeffa2167055a4248a81a78abf3a1a5cf0abc5e4721386f34924c4e3c', '28c2b070b9feef69a309deaa2a6387c93a0e3a6fb3e9e9f79cc32537e4ba533d', '1151add4ba18f234198d425cd86d2416587eb3d3692ee11b3392ea2c477b2307', 133, 104291, 31316771462244, 0, 0, 100871, 0, 0, 1, 1, '', 8, '2018-06-20 01:37:28'),
(106052, '21bd457d13d10bdbc4278250eed24e5c0afa10413948faf1ef3cc5d91af5a73b', 'ffcb7b5ac13b734b94e5826abb35da6cfd6367e5865730d4664fcd1d4de47687', '3880b120b8c63fb5465f69b69da793d3ce3c5c7de7ea1236609e636699cf696d', 133, 104292, 31316900430751, 0, 0, 100871, 0, 0, 1, 1, '', 8, '2018-06-20 01:37:28'),
(106058, '21fb4c5cba6718ad38b1a7894bcf780735b37ea38f597b4a5de4289fcc68cba6', '07818271e07a3bbd9b0b21facea8592358a87ca55668540923988f047d40d39c', '4196b5b2282e31365f7295245693a7045f9c0a3e7088761ca0105b9bd6dce169', 131, 104316, 0, 29947224183861, 0, 100881, 1, 0, 1, 1, '', 8, '2018-06-20 02:24:08'),
(106059, '3c1dd70ebc3479a312c842bcfe6521031b1e733f701e8ee0fb477bb0d0c00c23', '641aa124c4623ec26e92a7dd44e984f2817b672c7bee249b535408a8975bce44', '711c6aa4c77cc36549fbe9606ba0727755d0daa7c23bf4b77b122dee17a2c82c', 131, 104324, 0, 29945796221618, 0, 100886, 1, 0, 1, 1, '', 8, '2018-06-20 02:24:08'),
(106060, 'dbf41553c9897dd232fd46739662a4e68b43cfa840a68f5ec9e0e97ab839f4ee', '27da497d445883dc52f23ebeb7b4508044f0402c71a65fade583f6b8814102ea', '7151fdf3d3364e6980b320b1533052f0a7d328e431885ae84126d6077a1c5b81', 131, 104387, 0, 500000000000000, 0, 100932, 1, 0, 1, 1, '', 8, '2018-06-20 03:56:48'),
(106061, 'efa653785fd536ec42283985666612eca961a0bf6a8d56c4c43b1027d173a32c', '989c4beeb5b2fbbab9671bf6562b99f6dd01d11c9ac0c13d544cb5db2b0d225c', '9a9d13d0db79aa36f371e51f164aa97394c89bc57ec7040cc72895befd4d70f7', 134, 104396, 1000000000000, 0, 0, 100938, 1, 0, 1, 1, '', 7, '2018-06-20 04:22:24'),
(106062, 'efa653785fd536ec42283985666612eca961a0bf6a8d56c4c43b1027d173a32c', '989c4beeb5b2fbbab9671bf6562b99f6dd01d11c9ac0c13d544cb5db2b0d225c', '9a9d13d0db79aa36f371e51f164aa97394c89bc57ec7040cc72895befd4d70f7', 131, 104396, 98984440430000, 0, 0, 100938, 1, 0, 1, 1, '', 7, '2018-06-26 04:25:32'),
(106063, '00458128c40886b22d15cbf3c02fcbb1a0860cab654d81230dba216b50fe887d', 'df567492d853df6116864f5f77542259c2d77242f97319dabc60783f6670b909', 'cabf4e0df01dfbca8959be74a0d271ad4cc54ee365f1d5660b6e593926f415bc', 134, 104398, 10000000010000, 0, 0, 100939, 1, 0, 1, 1, '8c1018768e798c29', 7, '2018-06-20 04:22:24'),
(106064, 'fc619eeccfa0626f4be78cb1002a232e0ae8c8be6826f800341977d23a5a8e1e', '481f2a3152a85171a6455643874c19a6abaddbac2c447d0553bec029b21100d4', '4e3008466491a4514af0bf7f066752c10b8c280dbca2e22154f96b1618e5c7e5', 134, 104406, 4292247887374, 0, 0, 100943, 1, 0, 1, 2, '', 20, '2018-06-20 05:07:55'),
(106065, '9ba6fa1c6f0277651e38b9f076a2cf674d92d683beac42ad93db1f3cc429cffe', '19d43fa4b46e612d495cccaaf2c0aca36459c45d695fce17a19a47f34d78ab79', 'b7601cb33713f14f730012c76c51122abd243f6f7df056f51a85325ba70c62b2', 134, 104407, 139849921289310, 0, 0, 100943, 1, 0, 1, 2, '', 15, '2018-06-20 05:07:55'),
(106066, 'da22b85e51644b7c5df30f65b33f4f00bb58278e8189f9073e0573eb6df1fc1f', 'ff5a07114094e443b7479402a2bb436e592cfc8fed07067d785e899d1e1ee9f5', '38d4c8d02fa432056428b502d5210abe05a9e9596887103858fe6196d46a222a', 134, 104415, 29952592567646, 0, 101008, 100948, 1, 1, 1, 0, '', 0, '2018-06-21 03:02:01'),
(106067, '00458128c40886b22d15cbf3c02fcbb1a0860cab654d81230dba216b50fe887d', 'df567492d853df6116864f5f77542259c2d77242f97319dabc60783f6670b909', 'cabf4e0df01dfbca8959be74a0d271ad4cc54ee365f1d5660b6e593926f415bc', 129, 104398, 585561364388417, 0, 0, 100939, 1, 0, 1, 1, '8c1018768e798c29', 7, '2018-06-20 03:52:55'),
(106068, '3fb5d474378431bfa1b01e61965dcd5a62e1753cb7b3064ba7adb98bcfd398cd', 'c6c641c313a0ed68c296e2425a7404ea6c95e37b27d3b519173a60374ec7d021', '07c537636d32c1b6a044eee140ee3147d07f786e8dace1685df3fa950ea09332', 129, 104419, 123000000000000, 0, 0, 100949, 1, 0, 1, 2, '', 15, '2018-06-20 05:10:40'),
(106069, '3fb5d474378431bfa1b01e61965dcd5a62e1753cb7b3064ba7adb98bcfd398cd', 'c6c641c313a0ed68c296e2425a7404ea6c95e37b27d3b519173a60374ec7d021', '07c537636d32c1b6a044eee140ee3147d07f786e8dace1685df3fa950ea09332', 134, 104419, 245678901357500, 0, 0, 100949, 1, 0, 1, 2, '', 15, '2018-06-20 05:07:55'),
(106070, 'ac715b386010bd95a506fde0ac0405aa8ad72080b1d7cef257b5b112d9ed84bb', 'b87cc07667636cf8a06be51b87ca71b1fe05ae160ac6263e201bd20506b51693', '307f043802c7d6460fbf3aab1ad9bddeb417c7a5810382d0b282d2e3ffa860a7', 134, 104446, 123677771919210, 0, 0, 100964, 1, 0, 1, 2, '', 41, '2018-06-21 03:02:01'),
(106071, 'ac715b386010bd95a506fde0ac0405aa8ad72080b1d7cef257b5b112d9ed84bb', 'b87cc07667636cf8a06be51b87ca71b1fe05ae160ac6263e201bd20506b51693', '307f043802c7d6460fbf3aab1ad9bddeb417c7a5810382d0b282d2e3ffa860a7', 129, 104446, 23000000000100, 0, 0, 100964, 1, 0, 1, 2, '', 41, '2018-06-21 03:01:43'),
(106073, '40eb7618ff1b899151c3de56d8679374461b6c9c0b5b8ddb2a9c6e3f3a751ae7', 'ec0402d330071e03618804ee9b375591a1d66e2548f635e5058f5b792d18f9ee', 'b5a3ade1ca8968ffbbedc0aa3d5f1a78240896fe5f16f0ae0fe08e618c94b771', 129, 104494, 0, 585561364388417, 0, 100992, 1, 0, 1, 1, '', 8, '2018-06-20 06:21:08'),
(106074, '31c932b6b5e15e96d10b90d6276f2317761c4ae6623baec88e72607b1c35bfad', '6260fbd51d0dfdf10ba224df6b7a7fa6c1354985ff3c9de5f1e3a16548ce9417', '36d26f76924225b208c1f4002910f5456fe88e25bb4d23a15424544fae5a8e63', 129, 104541, 0, 123000000000000, 0, 101021, 1, 0, 1, 1, '', 8, '2018-06-20 06:21:08'),
(106075, '3272d6120bffef29448dd21b9a5689d6c54c59e44c999f5d686c0dd6c2e6effa', 'eba9f22e3be18877371e051a1bc8b89bffb22fdfec4c71694aac3d408ebb5ce6', 'ced0e3b11c25d7336c97b520b3ee52a81a91f67131cc45d6d784d11511fa6ea1', 129, 105015, 0, 23000000000100, 0, 101367, 1, 0, 1, 2, '', 7, '2018-06-20 15:55:42'),
(106076, '950cf5c4197a1b90cd49cfbc813d7919a6b9b42cdecab00c014ee530f09e4343', 'df039050c0c12edab4f7eea2b1c427a513f82b2b16416d50fb1da547cee17910', '7387ff198c6f45be19deea2beaedd0e648a294b8e09bca4b00a6ed1c3d526f9e', 129, 105034, 0, 1000000000000000, 0, 101385, 1, 0, 1, 1, '', 7, '2018-06-20 16:28:22'),
(106077, 'e7cb6a026769a0dcb32f27b4f5ec1a1ccf3fa15452a07bdff8f596a6cbc5f498', 'ec392dad041a0955b34b9ba4c2d1d225b25df7919ef6b2e26be9ed65c82da13f', 'c93124f9bfb3ed01b33c060c06fab3f9846130ab06ff5a3f32e6169a7cb161a0', 129, 105218, 0, 123000000000000, 0, 101551, 1, 0, 1, 1, '', 8, '2018-06-20 16:28:22'),
(106078, '9bfe477f2df750dd31b2a3939b32a5017323586a11bad6cd81650cfd2d54113d', 'c3bacae5cc199cd9bb77e6625078f03f51956223ef25e83ece1083ccced02406', 'abd3d37e07a8ae0b83dab63af6a6685fc2a56b2aa7d993ea2bfbb84d3102f98f', 134, 104453, 142897491554500, 0, 0, 100968, 1, 0, 1, 1, '', 21, '2018-06-20 05:15:56'),
(106079, '380ff7683774c989c1fd7348b90cd37b76d68ee6f93bd5239ecc3bb3794030bf', '88507bf0655d5b213e55d6d07089cd67e4d156976e54feb09ef0f21fbe395cd3', '39b2f0e5be2548ea2e1c5bcb4c91e7bb894fa1ed0f998592f2d88342c3cc7abf', 134, 104482, 0, 10000000010000, 0, 100985, 1, 0, 1, 1, '', 8, '2018-06-20 05:15:56'),
(106080, '8901400e2cac9fa26a47a06d76c8c0ee499ff691df9d22bad2a0183943532040', '5d600ae2e88410b12fe87d06db89e13a421bebfb42cc034307b80d85050268d1', '286c46b5c6ae5907ca90bceb8ed1d707f85b3dc6107289f04784b25f38767131', 134, 104496, 0, 245678901234500, 0, 100993, 1, 0, 1, 1, '', 8, '2018-06-20 05:15:56'),
(106081, '6e1368cd8c48636ee7a327c165fae95496a7098191398c950fe26031246287f1', '5918d1629c96f71c3f85c0c9fe3fb1d411a3d966d24fdf4a8922dd8a2ca8e953', '47ad16b3da9d515f9251acec801cab9bee8314784673ecce458eb60b4e87af33', 134, 104552, 0, 139849921289310, 0, 101028, 1, 0, 1, 1, '', 8, '2018-06-20 05:15:56'),
(106082, 'c3004a573547e5cd671c79a6f33f7907e2e6193d4abe47a3c5328f533b3d6cdc', '63030f27771943889e04a755f0b8403b2ada732b74936587c66386b46e3485ba', 'cd44fef284f3b88dc31f982cb1b9746fc8755eabd4b30bb310eb33ec6db1dfaa', 134, 104582, 0, 123677771919210, 0, 101048, 1, 0, 1, 1, '', 8, '2018-06-20 05:15:56'),
(106083, 'fc4b8d5956b30dc4a353b171b4d974697dfc32730778f138a8e7f16c11907691', 'e164f20f5fabe2b43317a16db9316a5e7e87fa1ea59c0a6c09687e1db67c7158', '011f34ac725f4832faa17b2a5232cee54ce97bd75b91e6622f4652d92b68c014', 134, 104642, 0, 142897491554500, 0, 101081, 1, 0, 1, 1, '', 7, '2018-06-20 05:15:56'),
(106084, 'ad3f3d9ff1e2dd2145067950d68d24cbd53db6f9d771f0d275c33fd88e458cf0', '6c534c098fa778b39635b77d5e6468f5a4d532f677eb345e54068a543ee5ff51', '778e5003ad05ea4918114ca5b7ac56b80b6ec4152122afd8e7d8de3c74ffd359', 134, 104706, 0, 10000000010000, 0, 101085, 1, 0, 1, 1, '', 7, '2018-06-20 05:15:56'),
(106085, 'dcb792bba1da7a9872f9c36772ee8625282b1f144380288fbd8acb968f6de56a', '91eb3b6f6d58da76fffefbee2fcb9dea523c326f313ac24fb5f556f3496ceea3', '9af6e066de005ed775d960e6c79b5aea2d91825206eb3772574168ace5b672a2', 134, 105221, 0, 245678901234500, 0, 101553, 1, 0, 1, 1, '', 8, '2018-06-20 23:40:10'),
(106086, 'c8965d4f54de1e39033b07e88bb20cacaa725a0dc266444e2efde6f624b9245d', 'b7d8c731d94e46df8a2825a57153809c89b68574f533c7f6486e4dc1e8eab3a2', '9adfd62107222cbb715a74b546677b743fa0f3cdb3ae87849f58e696304344ba', 134, 105224, 0, 142897491554500, 0, 101554, 1, 0, 1, 1, '', 8, '2018-06-20 23:40:10'),
(106087, '3fb5d474378431bfa1b01e61965dcd5a62e1753cb7b3064ba7adb98bcfd398cd', 'c6c641c313a0ed68c296e2425a7404ea6c95e37b27d3b519173a60374ec7d021', '07c537636d32c1b6a044eee140ee3147d07f786e8dace1685df3fa950ea09332', 131, 104419, 100444440000000, 0, 0, 100949, 1, 0, 1, 2, '', 15, '2018-06-20 04:41:31'),
(106088, '87d2560139a4f512a78d9da25ab58848345a3fb457d5da666cd2addfe03eec09', '1f1338762e193362159a6232ea53e2db5c71d13351b7f54a951fcbb3e30cd187', '3e0ec3afcba79374dfb11e1c2a4d0d0e17b71243dc44e8f2e2708e016d83d2ad', 131, 104514, 0, 98984440430000, 0, 101005, 1, 0, 1, 1, '', 8, '2018-06-20 04:41:31'),
(106089, '7aa183514560311b40807db1d962742934c1a826b5b8fabcc488690f600d2a9c', '8930d1107bbc6c6fca64c5e9184adb9b9aef4dd91289780fca386f2a9c9a7b30', '5ac13b8b4eb788145c19b5199746a61f72fa3b9f00eb2bbf106f2a8c2a037ee8', 131, 104522, 0, 29947224183861, 0, 101008, 1, 0, 1, 1, '', 8, '2018-06-20 04:41:31'),
(106090, 'f2c81053c2faa766f405a6f1546aecb0689ad9581aff9fa68d2f259d0aa55481', 'c446ae599a3e2767f9b9afb154fb599d2c0ec4ff2d2e99f4decbbe6df7e1b07b', '1e3086a053134ec4d6d6c7f94c560aa428ed7beb93235657f6be4108d26daf0a', 131, 104639, 0, 98984440430000, 0, 101081, 1, 0, 1, 1, '', 7, '2018-06-20 04:41:31'),
(106091, '61069b69dda271562a0494d37139301d29e33a9c98f389d2ea63a3e549d31acf', '00edfa82f07d503928d6a13752603ee9676df6b724d67fa2cc9d35e2354299e2', '53d7229633f411963d9f33760dff3f532c554c41cc4c996cdb0f6ed56d342053', 131, 104658, 0, 29947224183861, 0, 101082, 1, 0, 1, 1, '', 7, '2018-06-20 04:41:31');

--
-- Constraints for dumped tables
--

--
-- Constraints for table `Inputs`
--
ALTER TABLE `Inputs`
  ADD CONSTRAINT `account_id3_FK2` FOREIGN KEY (`account_id`) REFERENCES `Accounts` (`id`) ON DELETE CASCADE,
  ADD CONSTRAINT `outputs_id_FK2` FOREIGN KEY (`output_id`) REFERENCES `Outputs` (`id`) ON DELETE CASCADE,
  ADD CONSTRAINT `transaction_id_FK2` FOREIGN KEY (`tx_id`) REFERENCES `Transactions` (`id`) ON DELETE CASCADE;

--
-- Constraints for table `Outputs`
--
ALTER TABLE `Outputs`
  ADD CONSTRAINT `account_id3_FK` FOREIGN KEY (`account_id`) REFERENCES `Accounts` (`id`) ON DELETE CASCADE,
  ADD CONSTRAINT `transaction_id_FK` FOREIGN KEY (`tx_id`) REFERENCES `Transactions` (`id`) ON DELETE CASCADE;

--
-- Constraints for table `Payments`
--
ALTER TABLE `Payments`
  ADD CONSTRAINT `account_id` FOREIGN KEY (`account_id`) REFERENCES `Accounts` (`id`) ON DELETE CASCADE;

--
-- Constraints for table `Transactions`
--
ALTER TABLE `Transactions`
  ADD CONSTRAINT `account_id_FK` FOREIGN KEY (`account_id`) REFERENCES `Accounts` (`id`) ON DELETE CASCADE;
SET FOREIGN_KEY_CHECKS=1;
COMMIT;

/*!40101 SET CHARACTER_SET_CLIENT=@OLD_CHARACTER_SET_CLIENT */;
/*!40101 SET CHARACTER_SET_RESULTS=@OLD_CHARACTER_SET_RESULTS */;
/*!40101 SET COLLATION_CONNECTION=@OLD_COLLATION_CONNECTION */;
